Rk,Player,Age,Tm,Pos,G,GS,MP,PER,TS%,3PAr,FTr,ORB%,DRB%,TRB%,AST%,STL%,BLK%,TOV%,USG%,OWS,DWS,WS,WS/48,OBPM,DBPM,BPM,VORP,Awards,bbref_id,Player_clean,salary_2025_26,salary_imputed
185,Aaron Gordon,29,DEN,PF,51,42,1447,17.0,0.65,0.346,0.36,6.4,12.1,9.4,15.0,0.8,0.9,11.3,19.0,3.6,0.7,4.3,0.143,2.7,-1.5,1.2,1.2,,gordoaa01,aaron gordon,22841455.0,False
305,Aaron Holiday,28,HOU,PG,62,3,792,12.2,0.594,0.675,0.153,1.7,8.9,5.2,14.3,1.2,1.2,11.5,16.8,1.2,0.8,2.0,0.122,-0.4,0.1,-0.2,0.3,,holidaa01,aaron holiday,1200000.0,True
250,Aaron Nesmith,25,IND,SF,45,37,1123,14.6,0.653,0.515,0.211,3.7,13.9,8.8,6.6,1.5,1.4,8.2,17.4,1.9,1.0,2.9,0.126,0.0,-0.5,-0.5,0.4,,nesmiaa01,aaron nesmith,11000000.0,False
139,Aaron Wiggins,26,OKC,SG,76,26,1744,16.1,0.596,0.466,0.122,5.1,12.9,9.1,10.6,1.7,1.0,8.3,20.3,2.7,2.7,5.4,0.148,1.3,-0.2,1.1,1.4,,wiggiaa01,aaron wiggins,9672897.0,False
457,Adam Flagler,25,OKC,SG,37,0,203,3.7,0.335,0.75,0.021,3.8,10.3,7.1,7.3,1.9,1.5,4.0,21.1,-0.6,0.3,-0.3,-0.062,-8.1,-2.3,-10.3,-0.4,,flaglad01,adam flagler,1200000.0,True
548,Adama Sanogo,22,CHI,C,4,0,21,15.2,0.571,0.0,0.0,25.4,4.9,15.0,6.7,0.0,0.0,12.5,15.9,0.0,0.0,0.0,0.105,0.7,-3.4,-2.6,0.0,,sanogad01,adama sanogo,600000.0,True
287,Adem Bona,21,PHI,C,58,11,905,16.5,0.714,0.005,0.521,11.1,19.9,15.3,4.4,1.4,7.5,20.5,14.3,1.4,0.9,2.3,0.121,-2.9,0.2,-2.7,-0.2,,bonaad01,adem bona,1955377.0,False
152,A.J. Green,25,MIL,SG,73,7,1659,9.2,0.621,0.856,0.064,1.2,9.8,5.7,8.5,1.1,0.4,8.4,12.6,1.6,1.3,2.8,0.082,-1.7,-0.4,-2.2,-0.1,,greenaj01,aj green,2301587.0,False
338,AJ Johnson,20,2TM,SG,29,11,639,7.1,0.48,0.423,0.174,1.3,8.3,4.8,17.1,0.9,0.4,13.2,17.4,-0.5,0.0,-0.4,-0.032,-5.6,-2.5,-8.1,-1.0,,johnsaj01,aj johnson,3090480.0,False
379,A.J. Lawson,24,TOR,SG,26,2,486,12.7,0.542,0.532,0.332,4.3,14.9,9.5,9.1,1.3,1.2,6.4,20.0,0.4,0.4,0.8,0.081,-1.5,-1.0,-2.5,-0.1,,lawsoaj01,aj lawson,2270735.0,False
349,Ajay Mitchell,22,OKC,SG,36,1,597,12.0,0.587,0.326,0.19,3.3,8.8,6.1,13.8,2.0,0.7,12.7,16.2,0.6,0.9,1.5,0.122,-2.5,0.9,-1.6,0.1,,mitchaj01,ajay mitchell,1200000.0,True
153,Al Horford,38,BOS,C,60,42,1659,12.9,0.563,0.681,0.082,5.2,18.9,12.1,10.4,1.1,2.8,8.8,13.8,2.0,2.4,4.4,0.129,0.1,1.1,1.2,1.3,,horfoal01,al horford,1200000.0,True
293,Alec Burks,33,MIA,SG,49,14,863,12.8,0.608,0.764,0.181,1.9,13.8,7.9,9.1,1.6,0.8,9.0,16.5,0.9,0.9,1.8,0.1,0.0,0.3,0.3,0.5,,burksal01,alec burks,1200000.0,True
266,Alex Caruso,30,OKC,SG,54,3,1041,15.9,0.568,0.541,0.162,4.0,12.2,8.2,16.6,4.0,2.9,9.9,15.2,1.6,2.3,3.9,0.18,0.1,3.9,4.0,1.6,6MOY-8,carusal01,alex caruso,18102000.0,False
480,Alex Ducas,24,OKC,SG,21,0,125,10.1,0.583,0.7,0.067,7.9,14.3,11.2,4.8,1.9,0.0,11.5,11.8,0.1,0.2,0.3,0.125,-2.1,0.1,-2.0,0.0,,ducasal01,alex ducas,600000.0,True
409,Alex Len,31,2TM,C,46,7,380,10.6,0.525,0.143,0.27,11.3,16.7,14.0,12.6,1.2,5.4,22.1,10.3,0.2,0.4,0.7,0.083,-3.9,1.2,-2.6,-0.1,,lenal01,alex len,1200000.0,True
455,Alex Reese,25,2TM,PF,15,0,216,14.0,0.641,0.759,0.222,4.5,20.8,12.3,2.6,2.3,4.5,9.2,13.2,0.3,0.2,0.5,0.109,-0.9,-0.3,-1.2,0.0,,reeseal01,alex reese,1200000.0,True
126,Alex Sarr,19,WAS,C,67,67,1814,12.9,0.482,0.412,0.199,7.1,17.9,12.5,13.9,1.2,5.0,11.2,23.5,-1.6,1.3,-0.3,-0.007,-2.2,-1.0,-3.3,-0.6,ROY-4,sarral01,alex sarr,11808240.0,False
567,Alondes Williams,25,DET,SG,1,0,4,53.4,1.25,0.5,0.0,0.0,0.0,0.0,65.0,0.0,0.0,0.0,21.1,0.0,0.0,0.0,0.565,37.9,6.2,44.1,0.0,,willial06,alondes williams,600000.0,True
35,Alperen Şengün,22,HOU,C,76,76,2395,21.4,0.545,0.079,0.374,11.4,23.8,17.5,24.1,1.7,2.3,12.7,26.2,4.1,4.2,8.3,0.166,2.6,1.8,4.4,3.9,AS,sengual01,alperen sengun,33944954.0,False
57,Amen Thompson,22,HOU,SF,69,42,2225,18.7,0.602,0.131,0.354,9.0,18.2,13.5,16.9,2.1,3.6,14.6,17.5,4.1,3.9,8.0,0.172,1.4,2.6,4.1,3.4,DPOY-5DEF1,thompam01,amen thompson,9690600.0,False
137,Amir Coffey,27,LAC,SG,72,13,1748,11.2,0.614,0.484,0.253,2.1,8.2,5.2,6.1,1.1,0.4,7.4,15.3,2.4,1.7,4.0,0.111,-1.5,-0.2,-1.7,0.1,,coffeam01,amir coffey,1200000.0,True
319,Andre Drummond,31,PHI,C,40,23,751,16.0,0.535,0.085,0.385,15.8,31.6,23.4,6.8,2.6,2.4,16.7,19.1,0.2,1.0,1.2,0.078,-2.4,-0.8,-3.2,-0.2,,drumman01,andre drummond,5000000.0,False
273,Andre Jackson Jr.,23,MIL,SG,67,43,980,8.6,0.554,0.386,0.122,7.5,12.5,10.1,10.9,1.7,1.3,21.8,11.9,0.1,1.0,1.2,0.059,-3.6,0.2,-3.4,-0.3,,jacksan01,andre jackson jr,2221677.0,False
110,Andrew Nembhard,25,IND,SG,65,65,1881,11.7,0.545,0.325,0.252,2.0,10.7,6.4,22.5,2.0,0.5,15.8,16.3,1.1,1.7,2.8,0.071,-2.6,0.3,-2.3,-0.1,,nembhan01,andrew nembhard,18102000.0,False
118,Andrew Wiggins,29,2TM,SF,60,60,1842,16.4,0.566,0.415,0.306,5.1,10.8,7.9,13.5,1.6,2.6,9.4,24.5,1.9,2.1,4.0,0.104,1.2,-0.3,0.9,1.4,,wiggian01,andrew wiggins,28223215.0,False
43,Anfernee Simons,25,POR,SG,70,70,2292,14.9,0.557,0.527,0.172,1.2,8.0,4.5,23.3,1.3,0.2,10.6,24.6,2.9,1.2,4.2,0.087,1.5,-1.5,-0.1,1.1,,simonan01,anfernee simons,27678571.0,False
107,Anthony Black,21,ORL,PG,78,10,1887,11.6,0.521,0.315,0.318,3.0,11.4,7.0,19.4,2.3,2.4,16.4,19.6,-0.6,3.0,2.4,0.061,-3.1,1.2,-1.9,0.0,,blackan01,anthony black,7970280.0,False
145,Anthony Davis,31,2TM,C,51,51,1706,26.3,0.588,0.136,0.405,9.1,29.1,19.4,18.3,1.7,6.0,9.5,30.4,3.7,3.0,6.7,0.188,3.9,1.5,5.4,3.2,AS,davisan02,anthony davis,54126450.0,False
3,Anthony Edwards,23,MIN,SG,79,79,2871,20.1,0.595,0.503,0.308,2.4,14.8,8.7,20.9,1.6,1.7,12.0,31.4,4.6,3.8,8.4,0.14,4.4,0.0,4.3,4.6,MVP-7CPOY-3ASNBA2,edwaran01,anthony edwards,45550512.0,False
402,Anthony Gill,32,WAS,PF,51,0,397,10.2,0.586,0.352,0.568,4.7,12.6,8.6,5.7,1.1,0.5,8.3,12.7,0.4,0.1,0.5,0.058,-3.0,-1.5,-4.5,-0.3,,gillan01,anthony gill,1200000.0,True
545,Anton Watson,24,NYK,SF,9,0,22,5.9,0.444,0.111,0.0,5.3,10.3,7.8,12.8,2.3,0.0,18.2,21.7,-0.1,0.0,0.0,-0.07,-8.3,-1.8,-10.1,0.0,,watsoan02,anton watson,600000.0,True
334,Antonio Reeves,24,NOP,SG,44,6,660,11.7,0.579,0.52,0.141,2.9,7.6,5.1,8.8,1.5,0.6,10.2,18.8,0.4,0.0,0.4,0.029,-1.2,-2.0,-3.2,-0.2,,reevean01,antonio reeves,1200000.0,True
454,Ariel Hukporti,22,NYK,C,25,1,217,7.6,0.654,0.0,0.419,7.5,19.4,13.5,6.4,0.2,6.4,36.4,11.6,-0.2,0.3,0.1,0.02,-6.5,0.9,-5.6,-0.2,,hukpoar01,ariel hukporti,1955377.0,False
513,Armel Traoré,22,LAL,SF,9,0,67,3.5,0.317,0.368,0.368,3.5,21.2,12.6,2.0,2.9,2.8,12.0,16.4,-0.2,0.1,-0.1,-0.092,-9.5,-0.4,-9.8,-0.1,,armeltr01,armel traore,600000.0,True
210,Ausar Thompson,22,DET,SF,59,48,1328,17.2,0.568,0.107,0.309,9.3,15.9,12.6,14.4,3.5,2.9,13.3,19.1,1.5,2.4,3.8,0.138,-0.8,2.5,1.7,1.2,,thompau01,ausar thompson,8775000.0,False
23,Austin Reaves,26,LAL,SG,73,73,2550,18.1,0.616,0.512,0.353,2.8,11.5,7.3,24.9,1.6,0.8,12.9,23.7,5.6,2.1,7.6,0.144,2.4,-0.5,1.9,2.6,,reaveau01,austin reaves,13937574.0,False
196,Ayo Dosunmu,25,CHI,SG,46,26,1394,12.8,0.585,0.421,0.176,2.0,10.0,6.1,20.2,1.4,1.1,12.5,16.6,1.6,1.0,2.5,0.087,-1.4,-0.2,-1.6,0.1,,dosunay01,ayo dosunmu,7518518.0,False
12,Bam Adebayo,27,MIA,C,78,78,2674,18.9,0.561,0.199,0.295,7.7,23.1,15.5,20.0,1.8,1.9,11.4,23.5,3.5,4.0,7.5,0.135,1.0,1.0,2.0,2.7,DPOY-10,adebaba01,bam adebayo,37096620.0,False
407,Baylor Scheierman,24,BOS,SG,31,2,384,10.3,0.49,0.745,0.109,5.4,13.0,9.2,11.3,2.2,0.5,9.4,14.5,0.2,0.5,0.7,0.089,-2.5,0.8,-1.7,0.0,,scheiba01,baylor scheierman,2619000.0,False
230,Ben Sheppard,23,IND,SG,63,9,1228,9.2,0.555,0.693,0.094,4.0,12.0,8.0,8.6,1.5,1.0,6.9,11.3,1.0,1.0,2.1,0.081,-2.2,0.2,-2.0,0.0,,sheppbe01,ben sheppard,2790720.0,False
252,Ben Simmons,28,2TM,PG,51,24,1120,12.4,0.539,0.0,0.148,4.6,20.3,12.2,37.0,1.7,2.0,30.0,13.2,0.5,1.3,1.8,0.078,-2.3,1.8,-0.5,0.4,,simmobe01,ben simmons,1200000.0,True
69,Bennedict Mathurin,22,IND,SF,72,49,2149,13.6,0.579,0.338,0.389,4.6,15.2,9.9,8.8,1.1,1.0,11.9,22.8,1.3,1.8,3.0,0.068,-1.3,-1.5,-2.9,-0.5,,mathube01,bennedict mathurin,9187573.0,False
99,Bilal Coulibaly,20,WAS,SF,59,59,1948,10.8,0.515,0.359,0.296,4.8,10.9,7.8,14.9,1.9,1.9,15.1,17.9,-0.6,0.9,0.3,0.008,-3.0,-0.7,-3.7,-0.8,,coulibi01,bilal coulibaly,7275600.0,False
366,Bismack Biyombo,32,SAS,C,28,26,528,12.2,0.576,0.0,0.219,8.7,23.4,16.0,7.9,1.5,3.9,17.8,12.3,0.2,0.6,0.8,0.071,-3.6,0.0,-3.6,-0.2,,biyombi01,bismack biyombo,1200000.0,True
329,Blake Wesley,21,SAS,SG,58,0,683,9.9,0.51,0.312,0.328,2.7,6.9,4.8,22.3,2.6,0.8,20.2,16.7,-0.3,0.4,0.2,0.011,-3.9,-0.3,-4.2,-0.4,,weslebl01,blake wesley,4726328.0,False
225,Bobby Portis,29,MIL,PF,49,7,1244,17.7,0.542,0.299,0.123,8.2,27.0,18.0,12.9,1.4,1.9,8.3,24.1,0.9,1.9,2.7,0.106,0.6,-0.4,0.2,0.7,,portibo01,bobby portis,1200000.0,True
529,Bobi Klintman,21,DET,SF,8,0,42,15.9,0.689,0.5,0.2,2.7,15.7,9.2,22.5,2.3,2.3,8.4,11.9,0.1,0.1,0.2,0.208,-1.0,1.9,1.0,0.0,,klintbo01,bobi klintman,1955377.0,False
207,Bogdan Bogdanović,32,2TM,SG,54,4,1348,11.1,0.559,0.587,0.134,2.0,11.2,6.6,15.2,1.5,0.8,12.4,18.7,0.7,1.2,1.9,0.069,-1.8,-0.2,-2.0,0.0,,bogdabo01,bogdan bogdanovic,16020000.0,False
390,Bol Bol,25,PHO,PF,36,10,448,18.4,0.627,0.508,0.142,5.1,20.4,13.0,7.7,1.0,5.2,9.3,21.1,0.6,0.3,0.9,0.097,1.7,-0.9,0.8,0.3,,bolbo01,bol bol,1200000.0,True
449,Bones Hyland,24,2TM,PG,24,0,239,16.0,0.576,0.695,0.22,2.4,9.3,5.9,20.1,3.7,1.7,16.2,28.2,0.1,0.4,0.5,0.095,0.9,1.8,2.7,0.3,,hylanbo01,bones hyland,1200000.0,True
146,Bradley Beal,31,PHO,SG,53,38,1702,15.2,0.598,0.38,0.197,2.3,9.1,5.8,17.6,1.7,1.5,11.6,22.1,1.9,0.6,2.4,0.068,-0.1,-1.0,-1.1,0.4,,bealbr01,bradley beal,53666270.0,False
445,Branden Carlson,25,OKC,C,32,0,246,17.6,0.581,0.68,0.186,7.6,15.8,11.8,7.5,1.0,8.6,6.3,19.3,0.4,0.5,0.9,0.177,0.5,0.8,1.3,0.2,,carlsbr01,branden carlson,1200000.0,True
143,Brandin Podziemski,21,GSW,SG,64,33,1716,14.4,0.557,0.491,0.151,4.0,16.8,10.2,18.7,2.0,0.7,10.1,18.3,1.9,2.3,4.2,0.117,-0.1,0.8,0.7,1.2,,podzibr01,brandin podziemski,3687960.0,False
271,Brandon Boston Jr.,23,NOP,SG,42,10,993,12.7,0.535,0.367,0.223,3.0,11.9,7.3,13.7,2.6,0.9,11.1,20.0,0.2,0.5,0.7,0.033,-2.3,-0.2,-2.5,-0.1,,bostobr01,brandon boston jr,2349578.0,False
235,Brandon Clarke,28,MEM,PF,64,18,1207,17.6,0.638,0.045,0.229,11.3,17.3,14.3,7.4,2.0,2.7,8.9,15.3,2.7,1.7,4.4,0.174,0.0,0.8,0.8,0.9,,clarkbr01,brandon clarke,12500000.0,False
350,Brandon Ingram,27,NOP,SF,18,18,595,16.0,0.56,0.345,0.165,3.0,15.5,9.1,26.8,1.3,1.8,16.2,30.2,-0.2,0.2,0.0,0.001,1.4,-1.7,-0.3,0.3,,ingrabr01,brandon ingram,38095238.0,False
280,Brandon Miller,22,CHO,SF,27,27,924,14.0,0.54,0.597,0.161,2.8,12.5,7.6,18.3,1.5,2.1,12.6,27.7,-0.2,0.7,0.4,0.023,0.8,-0.8,0.0,0.4,,millebr02,brandon miller,11968800.0,False
378,Brandon Williams,25,DAL,PG,33,3,487,18.3,0.634,0.319,0.351,2.7,10.1,6.5,23.2,2.4,0.9,15.2,22.6,0.9,0.4,1.3,0.129,1.0,-0.1,1.0,0.4,,willibr03,brandon williams,2270735.0,False
556,Braxton Key,27,GSW,SF,3,0,11,1.1,0.226,0.25,1.5,9.5,10.1,9.8,0.0,8.8,0.0,13.1,29.3,-0.1,0.0,-0.1,-0.259,-13.9,0.3,-13.6,0.0,,keybr01,braxton key,600000.0,True
187,Brice Sensabaugh,21,UTA,SF,71,15,1432,13.4,0.612,0.621,0.122,3.2,12.6,7.9,12.0,1.5,0.5,14.5,21.5,0.9,0.3,1.2,0.042,0.4,-1.6,-1.2,0.3,,sensabr01,brice sensabaugh,2693760.0,False
462,Bronny James,20,LAL,SG,27,1,181,7.1,0.424,0.478,0.209,2.6,8.5,5.6,16.5,2.4,1.6,15.1,20.9,-0.3,0.2,-0.2,-0.043,-5.9,-1.3,-7.2,-0.2,,jamesbr02,bronny james,1955377.0,False
26,Brook Lopez,36,MIL,C,80,80,2546,14.8,0.624,0.482,0.178,5.0,11.8,8.6,7.8,0.9,5.4,9.1,15.8,3.6,2.9,6.6,0.124,0.4,0.4,0.8,1.8,,lopezbr01,brook lopez,1200000.0,True
281,Bruce Brown,28,2TM,PG,41,12,922,10.9,0.504,0.262,0.21,4.5,14.9,9.6,12.8,1.8,1.0,10.4,17.2,0.1,0.6,0.7,0.035,-3.2,-0.6,-3.8,-0.4,,brownbr01,bruce brown,1200000.0,True
473,Bruno Fernando,26,TOR,C,17,2,147,15.3,0.552,0.0,0.163,15.0,22.4,18.6,17.9,1.3,5.8,21.0,18.9,0.0,0.2,0.3,0.085,-3.0,2.3,-0.7,0.1,,fernabr01,bruno fernando,600000.0,True
536,Bryce McGowens,22,POR,SG,13,0,32,1.7,0.391,0.286,0.429,6.6,3.5,5.1,8.7,1.5,0.0,19.4,26.8,-0.1,0.0,-0.1,-0.172,-9.9,-3.8,-13.6,-0.1,,mcgowbr01,bryce mcgowens,600000.0,True
28,Bub Carrington,19,WAS,PG,82,57,2458,9.0,0.514,0.544,0.114,1.4,13.1,7.2,21.2,1.0,0.8,15.2,15.8,-0.4,0.6,0.2,0.005,-3.3,-1.3,-4.6,-1.6,,carrica01,bub carrington,4677600.0,False
115,Buddy Hield,32,GSW,SG,82,22,1863,12.3,0.56,0.698,0.081,2.9,12.7,7.6,10.7,1.8,1.2,10.1,20.5,0.6,2.2,2.8,0.073,-0.7,-0.3,-1.0,0.5,,hieldbu01,buddy hield,9219512.0,False
29,Cade Cunningham,23,DET,PG,70,70,2452,20.6,0.565,0.287,0.254,2.5,16.5,9.6,43.0,1.4,2.1,16.0,33.2,3.0,2.9,5.9,0.115,3.8,0.1,3.9,3.7,MVP-7ASNBA3,cunnica01,cade cunningham,38661750.0,False
307,Caleb Houstan,22,ORL,SF,58,6,788,9.4,0.605,0.842,0.089,2.6,8.6,5.5,6.4,1.4,0.7,6.2,11.7,0.9,0.9,1.8,0.109,-2.4,0.2,-2.2,0.0,,houstca01,caleb houstan,2187699.0,False
233,Caleb Martin,29,2TM,SF,45,24,1218,9.6,0.513,0.339,0.322,4.8,11.7,8.2,10.7,1.9,1.8,13.9,14.4,0.0,0.7,0.6,0.025,-2.9,-0.2,-3.2,-0.4,,martica02,caleb martin,9594044.0,False
517,Cam Christie,19,LAC,SG,13,0,59,9.1,0.349,0.542,0.167,5.8,17.0,11.5,13.7,4.2,1.7,7.2,20.5,-0.1,0.1,0.0,-0.005,-5.5,3.0,-2.5,0.0,,chrisca02,cam christie,1955377.0,False
352,Cam Reddish,25,LAL,SF,33,8,589,7.4,0.498,0.5,0.277,3.3,9.1,6.3,4.8,2.8,1.6,10.2,8.8,0.0,0.6,0.7,0.054,-4.4,1.6,-2.7,-0.1,,reddica01,cam reddish,1200000.0,True
441,Cam Spencer,24,MEM,SG,25,1,252,14.2,0.587,0.634,0.232,5.1,7.5,6.3,16.9,1.7,0.4,6.2,15.4,0.6,0.2,0.8,0.16,0.3,0.2,0.5,0.2,,spencca01,cam spencer,1200000.0,True
311,Cam Thomas,23,BRK,SG,25,23,781,18.0,0.575,0.43,0.333,2.1,10.4,6.0,22.9,1.0,0.3,10.6,32.6,0.8,0.4,1.2,0.071,2.8,-2.6,0.3,0.5,,thomaca02,cam thomas,1200000.0,True
301,Cam Whitmore,20,HOU,SF,51,3,827,15.5,0.549,0.454,0.179,4.5,15.1,9.7,8.9,1.8,1.4,9.6,23.9,0.6,1.2,1.8,0.106,0.7,-0.4,0.3,0.5,,whitmca01,cam whitmore,3539760.0,False
129,Cameron Johnson,28,BRK,PF,57,57,1800,18.2,0.632,0.546,0.301,3.3,12.8,7.8,18.5,1.5,1.4,10.5,22.9,3.8,1.3,5.1,0.137,3.5,-0.4,3.1,2.3,,johnsca02,cameron johnson,20543478.0,False
255,Cameron Payne,30,NYK,PG,72,5,1090,13.8,0.532,0.574,0.121,1.5,9.4,5.5,25.5,1.8,1.4,10.0,20.8,1.3,1.0,2.3,0.099,-0.1,-0.2,-0.2,0.5,,payneca01,cameron payne,1200000.0,True
161,Caris LeVert,30,2TM,SG,64,3,1596,15.2,0.582,0.474,0.259,2.8,11.0,6.9,18.1,1.7,1.9,10.2,19.4,2.4,1.6,4.0,0.119,0.8,0.1,0.9,1.2,,leverca01,caris levert,1200000.0,True
111,Cason Wallace,21,OKC,SG,68,43,1876,12.3,0.562,0.425,0.076,4.1,8.8,6.5,11.5,3.1,1.9,10.5,12.8,1.8,3.4,5.2,0.133,-1.5,2.6,1.0,1.5,,wallaca01,cason wallace,5820240.0,False
411,Charles Bassey,24,SAS,C,36,1,376,19.0,0.597,0.0,0.282,15.9,27.4,21.7,6.6,1.8,7.2,14.9,17.5,0.5,0.6,1.1,0.136,-1.7,0.6,-1.1,0.1,,bassech01,charles bassey,2500000.0,False
291,Chet Holmgren,22,OKC,C,32,32,877,19.2,0.599,0.34,0.393,6.0,25.0,15.7,9.7,1.3,8.2,12.3,22.0,1.1,2.0,3.2,0.173,0.5,1.9,2.4,1.0,,holmgch01,chet holmgren,13731368.0,False
294,Chris Boucher,32,TOR,PF,50,0,862,18.7,0.615,0.522,0.235,8.5,19.6,13.9,5.9,1.3,2.8,6.6,21.2,1.7,1.0,2.7,0.148,2.9,-0.6,2.3,0.9,,bouchch01,chris boucher,1200000.0,True
508,Chris Duarte,27,CHI,SG,17,0,74,16.5,0.61,0.577,0.308,7.2,20.9,14.2,16.6,0.0,0.0,3.3,17.2,0.2,0.0,0.3,0.171,2.2,-1.0,1.2,0.1,,duartch01,chris duarte,600000.0,True
494,Chris Livingston,21,MIL,SF,21,1,106,9.8,0.441,0.296,0.593,10.7,24.6,17.9,6.0,2.3,0.0,15.0,16.6,-0.1,0.2,0.1,0.035,-5.0,-1.1,-6.1,-0.1,,livinch01,chris livingston,600000.0,True
42,Chris Paul,39,SAS,PG,82,82,2292,14.7,0.58,0.636,0.158,1.5,12.3,6.9,34.8,2.2,0.9,17.1,14.0,4.2,1.6,5.7,0.12,0.3,0.5,0.8,1.6,,paulch01,chris paul,1200000.0,True
11,Christian Braun,23,DEN,SG,79,77,2675,16.0,0.665,0.273,0.261,4.2,12.2,8.4,10.1,1.5,1.2,8.1,15.8,6.2,1.9,8.0,0.144,0.8,-0.5,0.3,1.6,,braunch01,christian braun,4921797.0,False
418,Christian Koloko,24,LAL,C,37,0,342,13.0,0.624,0.061,0.212,11.9,18.2,15.1,6.4,1.2,4.4,14.3,10.8,0.5,0.4,0.9,0.13,-3.0,0.2,-2.8,-0.1,,kolokch01,christian koloko,1200000.0,True
458,Chuma Okeke,26,2TM,PF,9,3,196,15.3,0.641,0.7,0.075,11.7,15.5,13.5,10.5,1.3,2.0,6.8,9.8,0.5,0.1,0.6,0.145,1.6,-1.8,-0.2,0.1,,okekech01,chuma okeke,2546675.0,False
123,CJ McCollum,33,NOP,PG,56,56,1832,15.8,0.55,0.459,0.173,2.4,10.3,6.2,20.6,1.2,1.3,9.0,27.2,1.3,0.2,1.5,0.038,1.2,-2.6,-1.4,0.3,,mccolcj01,cj mccollum,30666666.0,False
239,Clint Capela,30,ATL,C,55,41,1176,17.7,0.564,0.003,0.249,15.8,28.2,21.8,7.4,1.4,4.1,9.8,16.7,1.7,1.5,3.2,0.131,-0.6,-0.4,-1.0,0.3,,capelca01,clint capela,1200000.0,True
31,Coby White,24,CHI,SG,74,73,2450,15.5,0.601,0.521,0.274,1.1,10.4,5.8,19.5,1.3,0.6,12.4,24.4,3.0,1.5,4.5,0.088,0.5,-1.4,-0.9,0.7,,whiteco01,coby white,12888889.0,False
240,Cody Martin,29,2TM,SF,53,8,1173,11.3,0.509,0.465,0.188,4.8,15.9,10.3,13.0,2.4,2.7,12.7,14.7,0.1,1.2,1.3,0.054,-2.8,1.1,-1.7,0.1,,martico01,cody martin,1200000.0,True
260,Cody Williams,20,UTA,SG,50,21,1060,3.7,0.419,0.525,0.156,2.8,8.7,5.7,7.4,1.0,1.4,13.8,12.5,-1.2,0.1,-1.2,-0.053,-6.1,-1.2,-7.3,-1.4,,willico04,cody williams,5742480.0,False
369,Colby Jones,22,2TM,SG,39,0,515,11.4,0.544,0.38,0.271,4.3,13.6,9.0,12.0,2.4,2.4,13.7,13.7,0.1,0.4,0.6,0.053,-3.3,0.4,-2.8,-0.1,,jonesco02,colby jones,1200000.0,True
229,Cole Anthony,24,ORL,PG,67,22,1234,14.2,0.531,0.401,0.208,4.1,15.5,9.5,25.5,1.8,2.5,14.8,24.6,0.0,2.0,2.0,0.078,-0.8,0.9,0.1,0.7,,anthoco01,cole anthony,13100000.0,False
464,Cole Swider,25,2TM,SF,10,0,169,6.5,0.465,0.746,0.016,3.1,14.3,8.6,2.3,1.1,1.1,5.9,16.7,-0.2,0.1,0.0,-0.009,-4.9,-2.4,-7.3,-0.2,,swideco01,cole swider,600000.0,True
392,Colin Castleton,24,3TM,C,26,4,432,11.3,0.536,0.163,0.388,13.0,17.9,15.4,8.9,0.9,2.2,16.7,13.4,0.3,0.4,0.7,0.075,-4.0,-1.0,-5.0,-0.3,,castlco01,colin castleton,1200000.0,True
386,Collin Gillespie,25,PHO,PG,33,9,461,16.8,0.578,0.57,0.139,5.5,13.2,9.4,24.0,2.3,1.0,9.2,17.7,1.0,0.3,1.3,0.131,2.3,0.2,2.5,0.5,,gilleco01,collin gillespie,1200000.0,True
135,Collin Sexton,26,UTA,SG,63,61,1758,16.6,0.593,0.313,0.29,3.7,6.8,5.2,25.1,1.3,0.3,14.1,27.0,2.5,-0.1,2.4,0.066,1.7,-2.3,-0.6,0.6,,sextoco01,collin sexton,19175000.0,False
160,Corey Kispert,25,WAS,SF,61,0,1602,11.0,0.584,0.584,0.156,2.3,9.5,5.9,9.7,0.8,0.8,9.6,17.5,1.0,0.1,1.1,0.032,-1.4,-2.2,-3.7,-0.7,,kispeco01,corey kispert,13975000.0,False
345,Cory Joseph,33,ORL,PG,50,16,612,10.9,0.547,0.695,0.117,3.0,11.2,6.9,17.0,2.1,0.6,10.0,12.8,0.6,0.9,1.5,0.114,-2.3,1.4,-0.8,0.2,,josepco01,cory joseph,1200000.0,True
370,Craig Porter Jr.,24,CLE,PG,51,1,513,13.1,0.61,0.343,0.229,4.1,9.9,7.1,17.7,1.6,2.6,19.8,15.9,0.5,0.6,1.1,0.102,0.1,1.0,1.1,0.4,,portecr01,craig porter jr,2221677.0,False
557,Cui Yongxi,21,BRK,SG,5,0,10,-10.7,0.19,0.429,0.286,0.0,23.8,11.4,0.0,0.0,0.0,0.0,34.4,-0.1,0.0,-0.1,-0.473,-16.8,-8.2,-24.9,-0.1,,cuiyo01,cui yongxi,600000.0,True
509,Daeqwon Plowden,26,ATL,SG,6,0,72,16.1,0.831,0.68,0.08,5.9,10.9,8.4,4.1,0.0,0.0,13.4,17.0,0.2,0.0,0.2,0.125,1.5,-1.5,-0.1,0.0,,plowdda01,daeqwon plowden,600000.0,True
554,Daishen Nix,22,MIN,PG,3,0,13,-7.0,0.266,1.0,2.0,0.0,33.6,17.1,27.2,0.0,0.0,68.0,19.6,-0.1,0.0,-0.1,-0.327,-14.9,-1.2,-16.2,0.0,,nixda01,daishen nix,600000.0,True
251,Dalano Banton,25,POR,PG,67,7,1120,12.9,0.497,0.438,0.247,2.8,10.4,6.5,21.5,1.9,2.8,13.3,24.1,-0.3,1.1,0.8,0.033,-0.6,-0.2,-0.8,0.3,,bantoda01,dalano banton,1200000.0,True
272,Dalen Terry,22,CHI,SG,73,5,987,9.6,0.546,0.388,0.257,4.1,9.0,6.6,12.7,2.1,1.3,15.1,14.9,0.2,0.8,1.1,0.052,-4.0,0.2,-3.8,-0.5,,terryda01,dalen terry,5399118.0,False
179,Dalton Knecht,23,LAL,SF,78,16,1494,12.7,0.594,0.61,0.151,2.9,13.1,8.1,6.5,0.8,0.5,5.9,18.5,1.7,1.0,2.7,0.086,-0.1,-1.7,-1.8,0.1,,knechda01,dalton knecht,4010160.0,False
77,Damian Lillard,34,MIL,PG,58,58,2093,21.3,0.621,0.528,0.396,1.6,12.1,7.1,29.7,1.6,0.4,12.2,27.8,5.6,2.0,7.6,0.175,4.7,-0.6,4.0,3.2,AS,lillada01,damian lillard,54126450.0,False
414,Damion Baugh,24,CHO,SG,15,2,370,6.3,0.399,0.431,0.115,3.9,10.6,7.2,22.2,2.0,0.5,18.5,19.3,-0.8,0.2,-0.5,-0.069,-5.9,-1.2,-7.1,-0.5,,baughda01,damion baugh,1200000.0,True
474,Damion Lee,32,PHO,SG,25,0,144,11.9,0.499,0.5,0.284,2.4,12.8,7.8,11.5,2.1,0.0,10.7,28.6,-0.2,0.1,-0.1,-0.031,-2.9,-2.1,-5.1,-0.1,,leeda03,damion lee,600000.0,True
181,D'Angelo Russell,28,2TM,PG,58,36,1480,14.0,0.522,0.564,0.227,1.5,11.0,6.2,31.2,1.9,1.5,13.3,24.0,0.7,1.3,1.9,0.063,0.0,-0.4,-0.4,0.6,,russeda01,dangelo russell,1200000.0,True
231,Daniel Gafford,26,DAL,C,57,31,1226,24.7,0.716,0.0,0.486,14.1,20.3,17.2,10.2,0.9,7.1,11.9,19.5,4.4,1.5,5.9,0.232,2.7,1.1,3.8,1.8,,gaffoda01,daniel gafford,14386320.0,False
344,Daniel Theis,32,NOP,C,38,9,621,12.1,0.558,0.287,0.287,7.4,21.5,14.2,13.0,1.4,3.1,14.7,11.6,0.6,0.4,1.0,0.077,-3.3,0.0,-3.3,-0.2,,theisda01,daniel theis,1200000.0,True
544,Daniss Jenkins,23,DET,PG,7,0,23,-0.1,0.322,0.7,0.2,0.0,9.6,4.8,17.3,0.0,0.0,8.4,21.8,-0.1,0.0,-0.1,-0.15,-10.2,-5.7,-15.8,-0.1,,jenkida01,daniss jenkins,600000.0,True
413,Dante Exum,29,DAL,PG,20,13,372,13.6,0.589,0.396,0.231,1.2,8.3,4.8,21.5,1.6,0.7,13.0,19.6,0.4,0.2,0.6,0.083,-1.2,-1.1,-2.3,0.0,,exumda01,dante exum,1200000.0,True
257,DaQuan Jeffries,27,CHO,SG,47,20,1071,7.9,0.518,0.564,0.103,3.6,10.0,6.7,7.2,1.2,2.3,10.3,13.5,0.0,0.6,0.6,0.027,-4.0,-0.7,-4.7,-0.7,,jeffrda01,daquan jeffries,2743776.0,False
456,Dario Šarić,30,DEN,C,16,4,210,7.7,0.449,0.448,0.172,7.7,17.9,13.1,13.1,1.6,0.4,19.4,15.6,-0.2,0.2,0.0,0.001,-4.4,-0.4,-4.8,-0.1,,saricda01,dario saric,5426400.0,False
446,Dariq Whitehead,20,BRK,SF,20,0,246,9.4,0.58,0.771,0.052,1.8,12.1,6.7,7.8,1.2,0.4,13.3,20.1,-0.1,0.1,0.1,0.01,-1.5,-2.2,-3.7,-0.1,,whiteda01,dariq whitehead,3262560.0,False
39,Darius Garland,25,CLE,PG,75,75,2301,19.9,0.6,0.451,0.217,2.3,7.6,5.0,32.2,1.9,0.4,12.8,27.2,5.8,2.3,8.1,0.169,3.9,-0.8,3.1,3.0,CPOY-6AS,garlada01,darius garland,39446090.0,False
534,David Duke Jr.,25,SAS,SG,6,0,34,12.2,0.538,0.429,0.143,3.1,12.6,7.9,17.0,1.4,0.0,11.8,21.2,0.0,0.0,0.0,0.023,-0.1,-1.4,-1.5,0.0,,dukeda01,david duke jr,600000.0,True
397,David Roddy,23,3TM,PF,33,3,410,11.9,0.561,0.488,0.208,3.4,19.5,11.2,11.5,1.6,2.0,13.9,16.0,0.1,0.4,0.5,0.062,-1.6,0.1,-1.5,0.1,,roddyda01,david roddy,1200000.0,True
88,Davion Mitchell,26,2TM,PG,74,37,2027,10.2,0.573,0.443,0.176,1.9,7.1,4.5,24.2,1.7,0.8,20.0,13.6,1.3,1.6,3.0,0.07,-2.8,0.2,-2.6,-0.3,,mitchda01,davion mitchell,1200000.0,True
286,Day'Ron Sharpe,23,BRK,C,50,2,907,19.7,0.568,0.142,0.233,17.8,23.8,20.7,16.8,2.3,4.6,15.3,19.9,1.3,1.4,2.7,0.141,0.0,0.9,0.9,0.7,,sharpda01,dayron sharpe,1200000.0,True
52,De'Aaron Fox,27,2TM,PG,62,62,2241,18.3,0.56,0.328,0.273,2.7,12.1,7.4,27.2,2.0,1.1,11.8,28.3,2.6,1.7,4.3,0.093,1.3,-1.0,0.4,1.3,,foxde01,deaaron fox,37096620.0,False
222,Dean Wade,28,CLE,PF,59,30,1252,10.1,0.563,0.819,0.111,4.5,16.6,10.8,7.3,1.6,1.4,7.2,10.4,1.3,1.7,3.0,0.113,-1.0,1.2,0.3,0.7,,wadede01,dean wade,6623456.0,False
236,Deandre Ayton,26,POR,C,40,40,1206,17.7,0.583,0.068,0.128,10.9,26.0,18.2,8.5,1.2,2.9,12.2,19.4,1.2,1.6,2.8,0.113,-0.3,-0.4,-0.7,0.4,,aytonde01,deandre ayton,35550814.0,False
141,De'Andre Hunter,27,2TM,SF,64,9,1740,15.9,0.623,0.509,0.333,2.7,13.4,8.1,7.5,1.4,0.7,8.6,22.8,3.0,1.4,4.4,0.122,1.2,-0.8,0.4,1.0,6MOY-4,huntede01,deandre hunter,23303571.0,False
327,DeAndre Jordan,36,DEN,C,56,5,691,15.4,0.621,0.0,0.457,14.0,30.3,22.6,9.5,1.1,3.5,19.2,12.8,0.9,0.9,1.8,0.127,-1.4,0.2,-1.2,0.2,,jordade01,deandre jordan,1200000.0,True
484,De'Anthony Melton,26,GSW,SG,6,2,121,13.3,0.539,0.648,0.148,5.2,12.8,8.9,21.1,2.8,1.6,14.8,23.5,0.0,0.2,0.2,0.076,-1.6,0.8,-0.8,0.0,,meltode01,deanthony melton,600000.0,True
268,Dejounte Murray,28,NOP,PG,31,31,1012,15.4,0.494,0.352,0.251,1.8,20.1,10.7,34.6,3.0,1.1,16.2,27.3,-0.7,0.9,0.2,0.009,-1.3,-0.3,-1.6,0.1,,murrade01,dejounte murray,31557103.0,False
340,Delon Wright,32,2TM,PG,40,7,635,9.2,0.44,0.557,0.191,4.9,6.5,5.7,15.0,2.7,1.8,13.4,11.3,0.0,0.7,0.7,0.053,-2.8,1.4,-1.4,0.1,,wrighde01,delon wright,1200000.0,True
6,DeMar DeRozan,35,SAC,SF,77,77,2768,17.7,0.569,0.196,0.337,2.0,10.1,6.0,18.7,1.1,1.1,6.5,25.0,5.7,1.4,7.1,0.123,1.2,-1.2,-0.1,1.3,,derozde01,demar derozan,24570000.0,False
66,Deni Avdija,24,POR,SF,72,54,2161,17.7,0.605,0.405,0.441,5.4,21.2,13.1,19.9,1.6,1.5,16.3,23.2,3.1,2.5,5.6,0.124,1.5,0.6,2.1,2.2,,avdijde01,deni avdija,14375000.0,False
76,Dennis Schröder,31,3TM,PG,75,49,2105,12.7,0.531,0.449,0.261,1.4,9.2,5.2,28.7,1.5,0.6,13.3,21.6,1.5,1.7,3.2,0.073,-1.3,-0.9,-2.2,-0.1,,schrode01,dennis schroder,1200000.0,True
299,Dereck Lively II,20,DAL,C,36,29,833,20.1,0.704,0.0,0.382,13.9,21.3,17.7,14.3,1.2,5.7,15.5,13.6,2.4,1.0,3.4,0.199,1.1,2.2,3.3,1.1,,livelde01,dereck lively ii,5253360.0,False
112,Derrick Jones Jr.,27,LAC,SF,77,55,1873,13.5,0.609,0.372,0.2,5.7,10.1,8.0,4.6,2.1,1.7,9.3,16.5,2.1,2.6,4.7,0.12,-1.0,0.7,-0.3,0.8,,jonesde02,derrick jones jr,10000000.0,False
20,Derrick White,30,BOS,SG,76,76,2574,16.6,0.606,0.721,0.168,2.8,11.5,7.2,20.2,1.4,2.9,11.3,19.8,5.1,3.4,8.5,0.158,2.7,0.8,3.5,3.6,DPOY-10,whitede01,derrick white,28100000.0,False
59,Desmond Bane,26,MEM,SG,69,68,2205,17.9,0.6,0.411,0.194,3.0,16.9,10.0,23.6,1.7,1.2,13.3,23.3,4.0,2.6,6.5,0.142,2.6,0.6,3.2,2.9,,banede01,desmond bane,36725670.0,False
4,Devin Booker,28,PHO,SG,75,75,2795,19.3,0.589,0.388,0.34,3.1,8.9,6.1,30.6,1.2,0.5,11.9,29.3,6.1,0.3,6.4,0.111,2.8,-2.4,0.4,1.7,,bookede01,devin booker,53142264.0,False
403,Devin Carter,22,SAC,PG,36,0,396,10.8,0.471,0.48,0.346,5.4,16.2,10.8,13.5,2.6,1.0,11.0,17.9,-0.1,0.4,0.4,0.043,-3.5,0.3,-3.2,-0.1,,cartede02,devin carter,4923720.0,False
93,Devin Vassell,24,SAS,SG,64,53,1983,14.2,0.553,0.483,0.135,1.8,12.0,6.9,13.8,2.0,1.5,8.5,22.1,0.9,1.3,2.2,0.054,-0.3,-0.8,-1.1,0.4,,vassede01,devin vassell,27000000.0,False
36,Dillon Brooks,29,HOU,SF,75,75,2388,11.0,0.555,0.524,0.135,3.3,9.1,6.1,7.4,1.2,0.6,7.4,17.7,2.7,2.5,5.1,0.103,-1.4,0.0,-1.4,0.4,,brookdi01,dillon brooks,21124110.0,False
362,Dillon Jones,23,OKC,SF,54,3,551,8.1,0.464,0.474,0.211,6.0,17.3,11.8,12.6,1.4,0.7,16.2,13.3,-0.1,0.9,0.8,0.067,-4.3,0.3,-4.0,-0.3,,jonesdi01,dillon jones,2753280.0,False
535,D.J. Carton,24,TOR,SG,4,0,33,-2.6,0.202,0.429,0.143,0.0,13.3,6.5,10.9,2.9,0.0,35.0,14.5,-0.2,0.0,-0.1,-0.199,-10.4,-0.7,-11.1,-0.1,,cartodj01,dj carton,600000.0,True
33,Domantas Sabonis,28,SAC,C,70,70,2429,22.9,0.655,0.175,0.324,12.3,32.6,22.4,26.0,1.0,1.0,16.5,21.6,7.4,2.7,10.1,0.199,4.2,1.1,5.2,4.4,,sabondo01,domantas sabonis,43636000.0,False
412,Dominick Barlow,21,ATL,SF,35,4,375,14.6,0.58,0.239,0.292,10.0,15.0,12.4,6.9,1.1,3.9,3.8,14.5,0.7,0.3,1.0,0.131,-1.4,-0.8,-2.2,0.0,,barlodo01,dominick barlow,1200000.0,True
211,Donovan Clingan,20,POR,C,67,37,1324,17.4,0.574,0.147,0.311,17.3,26.1,21.6,8.3,1.2,7.5,15.9,14.2,1.8,2.2,4.0,0.144,-1.7,1.4,-0.3,0.6,,clingdo01,donovan clingan,7178400.0,False
54,Donovan Mitchell,28,CLE,SG,71,71,2232,20.9,0.575,0.48,0.274,2.8,12.5,7.8,23.9,2.0,0.7,9.2,30.9,4.8,2.8,7.6,0.163,3.8,-0.2,3.7,3.2,MVP-5CPOY-9ASNBA1,mitchdo01,donovan mitchell,46394100.0,False
158,Donte DiVincenzo,28,MIN,SG,62,10,1606,14.1,0.582,0.739,0.106,2.2,13.3,7.9,20.2,2.2,1.0,13.8,19.4,1.6,2.2,3.9,0.115,0.8,1.1,1.9,1.6,,divindo01,donte divincenzo,11990000.0,False
125,Dorian Finney-Smith,31,2TM,PF,63,40,1818,10.1,0.604,0.722,0.103,5.0,10.4,7.7,6.9,1.6,1.2,11.0,12.3,1.5,1.4,2.9,0.078,-1.1,0.1,-1.0,0.5,,finnedo01,dorian finneysmith,1200000.0,True
417,Doug McDermott,33,SAC,SF,42,3,342,9.5,0.617,0.863,0.043,1.0,6.2,3.6,2.8,0.6,0.6,4.8,15.7,0.4,0.1,0.4,0.061,-0.8,-2.4,-3.2,-0.1,,mcderdo01,doug mcdermott,1200000.0,True
92,Draymond Green,34,GSW,PF,68,66,1983,12.4,0.534,0.483,0.289,3.9,19.0,11.2,26.2,2.4,3.4,23.3,15.9,0.3,3.4,3.7,0.088,-2.3,2.8,0.5,1.3,DPOY-3DEF1,greendr01,draymond green,25892857.0,False
322,Drew Eubanks,27,2TM,C,61,4,746,15.6,0.622,0.031,0.366,8.9,24.1,16.5,10.6,0.8,5.0,15.4,15.1,1.0,0.7,1.7,0.107,-1.2,0.6,-0.7,0.3,,eubandr01,drew eubanks,1200000.0,True
459,Drew Peterson,25,BOS,PF,25,1,186,10.5,0.601,0.805,0.22,5.3,18.1,11.7,9.1,1.3,1.0,15.1,12.5,0.2,0.3,0.4,0.115,-1.8,1.0,-0.8,0.1,,peterdr01,drew peterson,600000.0,True
439,Drew Timme,24,BRK,PF,9,2,254,11.0,0.5,0.343,0.157,7.3,22.5,14.5,13.1,0.8,0.4,12.1,21.3,-0.1,0.2,0.0,0.009,-3.9,-2.8,-6.7,-0.3,,timmedr01,drew timme,1955377.0,False
435,Dru Smith,27,MIA,SG,14,1,268,13.3,0.656,0.492,0.197,5.0,9.8,7.4,12.0,3.9,2.1,20.4,13.8,0.2,0.4,0.7,0.118,-1.3,3.4,2.1,0.3,,smithdr01,dru smith,1200000.0,True
130,Duncan Robinson,30,MIA,SF,74,37,1785,11.8,0.595,0.729,0.08,1.1,9.1,5.2,14.7,1.1,0.3,11.1,19.2,1.3,1.4,2.7,0.071,-0.7,-1.1,-1.7,0.1,,robindu01,duncan robinson,9888000.0,False
382,Duop Reath,28,POR,C,46,0,469,13.7,0.552,0.639,0.133,9.9,11.4,10.6,8.0,1.2,2.7,8.3,17.0,0.6,0.4,1.0,0.105,0.2,-0.5,-0.3,0.2,,reathdu01,duop reath,2221677.0,False
361,Dwight Powell,33,DAL,C,55,3,551,12.9,0.713,0.082,0.705,9.5,13.7,11.7,12.5,1.6,3.3,18.4,7.6,1.2,0.5,1.7,0.147,-1.5,1.5,0.0,0.3,,poweldw01,dwight powell,4000000.0,False
21,Dyson Daniels,21,ATL,SG,76,76,2571,15.6,0.545,0.255,0.152,5.1,14.2,9.6,17.9,4.2,2.0,13.6,18.2,1.3,3.7,5.0,0.093,-1.1,2.6,1.5,2.3,DPOY-2MIP-1DEF1,daniedy01,dyson daniels,7707709.0,False
521,E.J. Liddell,24,CHI,PF,12,0,53,11.1,0.661,0.667,0.133,6.0,11.7,8.9,7.6,0.9,1.6,11.2,14.1,0.1,0.0,0.1,0.108,-2.7,-1.4,-4.1,0.0,,liddeej01,ej liddell,706898.0,False
372,Elfrid Payton,30,2TM,PG,24,9,511,8.5,0.34,0.049,0.057,3.1,13.9,8.3,43.3,2.3,2.1,32.1,15.2,-0.9,0.3,-0.6,-0.057,-5.1,-1.3,-6.4,-0.6,,paytoel01,elfrid payton,3153598.0,False
476,Elijah Harkless,24,UTA,SG,10,0,138,7.8,0.425,0.714,0.171,7.1,9.3,8.2,7.7,3.5,0.7,7.4,12.3,0.0,0.1,0.1,0.023,-5.2,1.5,-3.8,-0.1,,harklej01,elijah harkless,600000.0,True
543,Emanuel Miller,24,CHI,PF,6,0,25,18.1,0.563,0.125,0.25,17.1,16.5,16.8,10.9,1.9,0.0,0.0,14.8,0.1,0.0,0.1,0.201,-0.9,-0.9,-1.8,0.0,,milleem01,emanuel miller,600000.0,True
506,Emoni Bates,21,CLE,SF,10,0,75,9.8,0.487,0.789,0.0,0.0,9.8,5.1,14.2,0.6,1.2,5.0,22.6,0.0,0.1,0.1,0.038,-0.5,-1.0,-1.5,0.0,,batesem01,emoni bates,600000.0,True
463,Enrique Freeman,24,IND,PF,22,1,181,7.4,0.507,0.27,0.514,6.8,11.6,9.2,6.1,0.8,1.5,11.7,12.3,0.0,0.1,0.2,0.046,-4.9,-1.4,-6.3,-0.2,,freemen01,enrique freeman,600000.0,True
315,Eric Gordon,36,PHI,SG,39,13,768,10.8,0.591,0.672,0.235,1.1,5.8,3.4,12.0,1.7,1.5,11.1,14.4,0.7,0.2,0.9,0.053,-0.8,-0.8,-1.6,0.1,,gordoer01,eric gordon,1200000.0,True
63,Evan Mobley,23,CLE,PF,71,71,2167,22.3,0.633,0.254,0.337,8.4,24.0,16.5,15.1,1.4,4.7,12.2,23.2,5.3,3.8,9.0,0.2,3.1,1.5,4.6,3.6,MVP-10DPOY-1ASNBA2DEF1,mobleev01,evan mobley,46394100.0,False
89,Franz Wagner,23,ORL,SF,60,60,2023,20.1,0.558,0.303,0.268,3.0,17.1,9.7,26.6,1.9,1.0,9.6,31.0,2.6,3.1,5.6,0.133,2.6,0.5,3.1,2.6,,wagnefr01,franz wagner,38661750.0,False
74,Fred VanVleet,30,HOU,PG,60,60,2111,12.8,0.515,0.607,0.181,1.6,9.7,5.6,21.2,2.2,1.1,9.6,17.7,2.4,2.8,5.2,0.119,-0.4,1.3,0.9,1.5,,vanvlfr01,fred vanvleet,1200000.0,True
171,Gabe Vincent,28,LAL,PG,72,11,1527,7.4,0.536,0.736,0.05,1.5,5.2,3.4,8.7,1.6,0.8,8.7,13.5,0.3,1.0,1.3,0.039,-3.8,-0.1,-4.0,-0.8,,vincega01,gabe vincent,11500000.0,False
451,Garrett Temple,38,TOR,SG,28,0,227,8.5,0.406,0.467,0.2,4.2,9.7,6.8,17.4,3.6,0.8,13.3,13.9,-0.1,0.3,0.2,0.033,-5.7,2.1,-3.6,-0.1,,templga01,garrett temple,1200000.0,True
300,Garrison Mathews,28,ATL,SG,47,2,830,11.2,0.606,0.848,0.304,1.7,10.0,5.7,9.3,1.5,1.7,9.6,15.9,1.0,0.5,1.5,0.087,-1.1,-0.5,-1.6,0.1,,mathega01,garrison mathews,1200000.0,True
324,Gary Harris,30,ORL,SG,48,3,711,6.9,0.524,0.759,0.09,3.1,7.5,5.2,5.8,1.8,1.6,10.9,9.5,0.1,0.9,1.0,0.067,-3.9,1.2,-2.7,-0.1,,harriga01,gary harris,1200000.0,True
279,Gary Payton II,32,GSW,SG,62,11,927,16.2,0.635,0.319,0.128,6.0,15.8,10.7,13.5,2.7,1.7,11.0,16.1,1.5,1.5,3.0,0.155,-0.5,2.0,1.4,0.8,,paytoga02,gary payton ii,1200000.0,True
106,Gary Trent Jr.,26,MIL,SG,74,9,1893,11.7,0.591,0.659,0.14,1.2,8.2,4.8,6.4,1.8,0.2,5.7,17.1,1.6,1.7,3.3,0.084,-1.2,-0.4,-1.6,0.2,,trentga02,gary trent jr,1200000.0,True
147,Georges Niang,31,2TM,PF,79,3,1697,11.2,0.607,0.66,0.094,3.1,14.3,8.7,8.8,0.8,0.8,11.3,17.9,1.5,1.4,2.9,0.081,-1.1,-1.2,-2.3,-0.1,,niangge01,georges niang,8200000.0,False
388,GG Jackson II,20,MEM,PF,29,3,459,9.3,0.482,0.477,0.201,6.3,14.8,10.6,8.2,1.2,1.0,12.5,21.7,-0.4,0.4,0.1,0.009,-3.3,-2.0,-5.3,-0.4,,jacksgg01,gg jackson ii,2221677.0,False
44,Giannis Antetokounmpo,30,MIL,PF,67,67,2289,30.5,0.625,0.048,0.536,7.3,29.7,19.0,36.0,1.2,3.2,11.2,35.2,7.8,3.7,11.5,0.241,6.9,2.5,9.5,6.6,MVP-3DPOY-8ASNBA1,antetgi01,giannis antetokounmpo,54126450.0,False
188,Goga Bitadze,25,ORL,C,70,42,1430,19.2,0.631,0.083,0.392,12.7,25.0,18.6,14.8,1.7,6.6,15.3,14.3,2.8,3.0,5.8,0.195,-0.3,2.8,2.5,1.6,,bitadgo01,goga bitadze,8333333.0,False
164,Gradey Dick,21,TOR,SG,54,54,1587,10.9,0.543,0.504,0.24,2.9,10.3,6.5,8.9,1.5,0.6,10.4,21.0,0.2,1.2,1.4,0.042,-1.9,-1.3,-3.2,-0.5,,dickgr01,gradey dick,4990560.0,False
380,Grant Williams,26,CHO,PF,16,7,479,11.5,0.596,0.602,0.301,3.9,14.5,9.1,11.3,1.8,2.7,16.7,14.8,0.3,0.4,0.7,0.071,-2.3,0.7,-1.6,0.1,,willigr01,grant williams,13645500.0,False
168,Grayson Allen,29,PHO,SG,64,7,1544,13.7,0.631,0.716,0.233,2.5,11.3,7.0,12.5,1.7,1.2,12.2,17.6,2.0,0.6,2.5,0.079,0.7,-1.0,-0.3,0.7,,allengr01,grayson allen,16875000.0,False
105,Guerschon Yabusele,29,PHI,C,70,43,1895,14.7,0.616,0.487,0.245,7.7,16.3,11.8,11.6,1.5,1.2,12.2,16.3,2.9,1.0,3.9,0.099,0.1,-1.1,-1.0,0.5,,yabusgu01,guerschon yabusele,1200000.0,True
316,Gui Santos,22,GSW,PF,56,2,762,11.7,0.575,0.575,0.235,9.9,14.5,12.1,14.2,1.6,1.2,17.5,13.2,0.8,0.9,1.7,0.11,-2.2,0.5,-1.7,0.1,,santogu01,gui santos,2221677.0,False
55,Harrison Barnes,32,SAS,PF,82,82,2230,14.9,0.656,0.527,0.291,4.7,10.3,7.4,8.6,0.8,0.6,6.1,15.7,5.0,0.5,5.6,0.12,1.7,-1.7,0.0,1.2,,barneha02,harrison barnes,19000000.0,False
532,Harrison Ingram,22,SAS,SF,5,0,35,10.9,0.5,0.25,0.0,6.1,21.5,13.8,10.6,4.1,0.0,20.0,6.1,0.0,0.1,0.1,0.093,-3.6,2.4,-1.2,0.0,,ingraha01,harrison ingram,600000.0,True
124,Haywood Highsmith,28,MIA,SF,74,42,1818,9.9,0.583,0.596,0.11,4.4,10.8,7.7,8.4,1.9,2.0,11.6,11.3,1.3,2.1,3.3,0.088,-2.7,0.9,-1.9,0.1,,highsha01,haywood highsmith,5616000.0,False
337,Herbert Jones,26,NOP,SF,20,20,648,10.4,0.541,0.419,0.233,3.6,9.6,6.5,13.8,2.8,1.3,15.6,14.6,0.1,0.3,0.4,0.033,-3.9,0.2,-3.6,-0.3,,joneshe01,herbert jones,13937574.0,False
401,Hunter Tyson,24,DEN,PF,51,2,400,9.0,0.506,0.617,0.233,7.2,13.9,10.7,6.1,1.2,1.3,9.6,15.5,0.1,0.3,0.4,0.047,-3.3,-1.5,-4.8,-0.3,,tysonhu01,hunter tyson,2221677.0,False
282,Immanuel Quickley,25,TOR,PG,33,33,918,17.5,0.57,0.514,0.292,1.8,12.1,6.8,31.5,1.2,0.4,10.5,25.1,1.8,0.6,2.5,0.128,3.2,-1.0,2.2,1.0,,quickim01,immanuel quickley,32500000.0,False
430,Isaac Jones,24,SAC,PF,40,0,304,15.2,0.678,0.096,0.434,8.1,12.9,10.5,5.6,0.8,3.2,13.9,16.3,0.5,0.2,0.7,0.115,-0.9,-0.8,-1.7,0.0,,jonesis01,isaac jones,1955377.0,False
261,Isaac Okoro,24,CLE,SG,55,22,1053,10.7,0.587,0.566,0.172,5.2,8.1,6.7,8.0,1.5,1.4,7.4,12.5,1.5,1.0,2.5,0.115,-1.1,0.6,-0.5,0.4,,okorois01,isaac okoro,11000000.0,False
119,Isaiah Collier,20,UTA,PG,71,46,1839,9.7,0.494,0.305,0.277,1.9,11.8,6.9,34.3,1.7,0.8,25.0,18.9,-1.3,0.5,-0.8,-0.021,-3.8,-1.5,-5.3,-1.6,,colliis01,isaiah collier,2638200.0,False
524,Isaiah Crawford,23,SAC,SF,15,0,46,9.2,0.509,0.455,0.364,2.4,17.1,9.7,2.8,1.1,4.3,7.3,12.9,0.0,0.0,0.0,0.037,-3.4,-0.7,-4.1,0.0,,crawfis01,isaiah crawford,600000.0,True
163,Isaiah Hartenstein,26,OKC,C,57,53,1590,18.9,0.599,0.04,0.244,11.2,29.6,20.6,18.3,1.4,3.9,15.3,16.7,3.2,3.6,6.8,0.205,0.6,2.6,3.2,2.1,,harteis01,isaiah hartenstein,28500000.0,False
503,Isaiah Jackson,23,IND,C,5,1,84,18.2,0.6,0.0,0.609,14.7,22.3,18.6,8.1,1.7,8.6,14.6,17.6,0.1,0.1,0.3,0.153,-1.0,1.8,0.8,0.1,,jacksis01,isaiah jackson,600000.0,True
159,Isaiah Joe,25,OKC,SG,74,16,1604,14.0,0.617,0.793,0.095,2.8,10.1,6.6,9.7,1.4,0.6,5.8,17.2,2.9,2.2,5.1,0.153,1.4,-0.1,1.3,1.4,,joeis01,isaiah joe,12362338.0,False
551,Isaiah Mobley,25,PHI,PF,1,0,17,17.2,0.381,0.429,0.286,6.4,20.8,13.3,41.8,2.9,5.8,0.0,20.2,0.0,0.0,0.0,0.119,0.0,4.8,4.7,0.0,,mobleis01,isaiah mobley,600000.0,True
563,Isaiah Stevens,24,MIA,PG,3,0,6,0.1,0.0,0.5,0.0,0.0,36.5,18.4,0.0,8.3,0.0,0.0,14.8,0.0,0.0,0.0,-0.196,-19.5,7.7,-11.8,0.0,,steveis01,isaiah stevens,600000.0,True
186,Isaiah Stewart,23,DET,C,72,4,1434,14.6,0.616,0.168,0.276,10.1,20.6,15.4,11.3,0.9,6.7,16.1,12.4,2.1,2.2,4.3,0.144,-1.6,2.1,0.6,0.9,,stewais01,isaiah stewart,15000000.0,False
436,Isaiah Wong,24,CHO,SG,20,0,265,10.9,0.5,0.314,0.324,5.5,7.4,6.4,16.5,2.0,0.0,13.0,22.1,-0.1,0.1,0.1,0.01,-2.9,-1.0,-4.0,-0.1,,wongis01,isaiah wong,1200000.0,True
13,Ivica Zubac,27,LAC,C,80,80,2624,22.3,0.641,0.0,0.251,13.1,30.2,21.8,12.8,1.0,3.4,10.8,19.5,7.0,4.7,11.7,0.215,2.3,0.8,3.1,3.4,DPOY-6DEF2,zubaciv01,ivica zubac,18102000.0,False
176,Ja Morant,25,MEM,PG,50,50,1519,19.3,0.563,0.321,0.359,2.4,11.8,7.1,36.0,1.9,0.7,15.2,32.2,2.0,1.5,3.5,0.112,3.1,-0.7,2.4,1.7,,moranja01,ja morant,39446090.0,False
144,Jabari Smith Jr.,21,HOU,PF,57,39,1716,12.6,0.562,0.489,0.223,6.4,18.6,12.4,4.7,0.7,2.1,8.9,16.4,1.9,2.2,4.2,0.117,-0.8,0.1,-0.7,0.6,,smithja05,jabari smith jr,12350392.0,False
320,Jabari Walker,22,POR,SF,60,1,749,15.0,0.601,0.314,0.31,8.3,22.6,15.3,7.2,2.1,0.7,11.6,16.3,1.0,1.0,2.0,0.128,-1.2,0.5,-0.8,0.2,,walkeja01,jabari walker,1200000.0,True
528,Jack McVeigh,28,HOU,PF,9,0,43,4.0,0.412,0.765,0.0,4.9,7.6,6.2,3.0,0.0,4.2,10.5,18.2,-0.1,0.0,0.0,-0.031,-4.8,-3.0,-7.7,-0.1,,mcveija01,jack mcveigh,600000.0,True
522,Jackson Rowe,28,GSW,PF,6,0,52,15.9,0.56,0.588,0.353,6.0,17.0,11.4,11.1,3.7,0.0,4.8,16.7,0.1,0.1,0.2,0.153,-0.5,1.5,1.0,0.0,,roweja01,jackson rowe,600000.0,True
505,Jacob Toppin,24,2TM,SF,17,0,76,9.2,0.523,0.455,0.0,4.5,17.9,11.2,10.2,1.3,0.0,12.0,13.9,0.0,0.1,0.0,0.03,-1.8,-0.8,-2.6,0.0,,toppija01,jacob toppin,600000.0,True
285,Jaden Hardy,22,DAL,SG,57,3,907,10.4,0.549,0.476,0.208,1.1,9.4,5.3,13.2,1.5,0.5,15.4,25.3,-0.8,0.5,-0.3,-0.016,-2.8,-1.9,-4.7,-0.6,,hardyja02,jaden hardy,6000000.0,False
289,Jaden Ivey,22,DET,SG,30,30,898,14.7,0.569,0.373,0.281,5.0,10.3,7.6,19.7,1.5,1.2,16.1,26.0,0.3,0.8,1.2,0.062,0.8,-0.8,0.0,0.5,,iveyja01,jaden ivey,10107163.0,False
15,Jaden McDaniels,24,MIN,PF,82,82,2614,13.3,0.562,0.363,0.153,5.6,14.2,10.0,9.0,2.1,2.6,9.6,16.3,2.3,3.9,6.3,0.115,-1.4,1.4,0.0,1.4,,mcdanja02,jaden mcdaniels,24858622.0,False
415,Jaden Springer,22,2TM,PG,43,2,365,10.7,0.511,0.533,0.422,5.1,12.1,8.6,12.1,3.2,1.0,13.0,14.3,0.1,0.4,0.5,0.07,-4.3,1.6,-2.7,-0.1,,sprinja01,jaden springer,1200000.0,True
495,Jae Crowder,34,SAC,PF,9,2,103,6.6,0.467,0.682,0.273,6.5,15.3,10.9,7.1,1.4,0.0,14.0,12.0,0.0,0.1,0.1,0.026,-3.8,-0.5,-4.3,-0.1,,crowdja01,jae crowder,600000.0,True
353,Jae'Sean Tate,29,HOU,SF,52,2,588,12.3,0.557,0.311,0.318,8.9,12.4,10.6,10.5,2.2,1.1,11.5,13.3,0.8,0.8,1.6,0.133,-2.1,1.4,-0.7,0.2,,tateja01,jaesean tate,1200000.0,True
569,Jahlil Okafor,29,IND,C,1,0,3,13.8,,,,0.0,36.8,18.6,37.0,0.0,0.0,,0.0,0.0,0.0,0.0,0.196,2.5,4.9,7.5,0.0,,okafoja01,jahlil okafor,600000.0,True
540,Jahmir Young,24,CHI,PG,6,0,30,16.8,0.935,0.4,0.4,3.6,6.9,5.2,26.2,0.0,0.0,14.5,9.6,0.1,0.0,0.1,0.22,1.2,-0.8,0.5,0.0,,youngja05,jahmir young,600000.0,True
200,Jaime Jaquez Jr.,23,MIA,SF,66,17,1368,14.3,0.543,0.258,0.307,6.8,16.5,11.7,17.9,2.2,1.0,15.7,20.2,0.5,1.8,2.3,0.081,-1.4,0.5,-0.9,0.4,,jaqueja01,jaime jaquez jr,3861600.0,False
206,Jake LaRavia,23,2TM,PF,66,0,1349,12.6,0.591,0.421,0.341,7.2,13.3,10.3,14.6,2.2,1.6,18.2,14.4,1.4,1.5,2.9,0.104,-0.8,1.1,0.2,0.8,,laravja01,jake laravia,1200000.0,True
148,Jakob Poeltl,29,TOR,C,57,56,1686,20.0,0.641,0.005,0.249,11.7,23.3,17.4,14.5,1.9,4.0,14.7,18.7,3.0,2.5,5.5,0.158,0.7,1.3,2.0,1.7,,poeltja01,jakob poeltl,19500000.0,False
253,Ja'Kobe Walter,20,TOR,SG,52,18,1103,10.8,0.523,0.473,0.211,5.6,10.1,7.8,10.2,1.9,0.9,10.4,18.2,0.3,0.9,1.2,0.052,-2.3,-0.6,-3.0,-0.3,,walteja01,jakobe walter,3638160.0,False
539,Jalen Bridges,23,PHO,SF,8,0,30,-0.1,0.514,1.0,0.571,0.0,14.5,7.4,0.0,0.0,0.0,31.3,18.8,-0.1,0.0,-0.1,-0.178,-7.8,-4.7,-12.5,-0.1,,bridgja01,jalen bridges,600000.0,True
40,Jalen Brunson,28,NYK,PG,65,65,2301,21.6,0.605,0.331,0.373,1.4,7.9,4.7,32.3,1.3,0.3,10.5,29.5,6.8,1.4,8.3,0.172,4.7,-1.3,3.3,3.1,MVP-10CPOY-1ASNBA2,brunsja01,jalen brunson,34944001.0,False
85,Jalen Duren,21,DET,C,78,78,2034,21.4,0.703,0.0,0.443,15.2,28.7,22.0,14.7,1.3,4.2,17.2,16.4,5.9,3.4,9.2,0.218,1.6,1.5,3.1,2.7,,durenja01,jalen duren,6483144.0,False
10,Jalen Green,22,HOU,SG,82,82,2697,15.1,0.544,0.46,0.234,1.7,13.4,7.4,16.0,1.3,0.9,11.4,27.3,1.9,3.2,5.1,0.092,1.1,-0.5,0.5,1.7,,greenja05,jalen green,33333333.0,False
426,Jalen Hood-Schifino,21,2TM,SG,15,0,315,7.9,0.494,0.469,0.214,1.1,9.0,4.9,16.7,0.8,2.2,14.4,17.3,-0.2,0.1,-0.1,-0.015,-4.4,-2.5,-6.9,-0.4,,hoodsja01,jalen hoodschifino,1200000.0,True
216,Jalen Johnson,23,ATL,SF,36,36,1284,17.3,0.569,0.26,0.232,5.2,26.0,15.3,20.5,2.0,2.6,15.1,22.5,0.8,1.6,2.4,0.089,0.5,1.4,1.8,1.2,,johnsja05,jalen johnson,30000000.0,False
561,Jalen McDaniels,27,WAS,SF,4,0,7,10.9,,,,0.0,0.0,0.0,17.4,6.8,0.0,,0.0,0.0,0.0,0.0,0.114,-0.5,6.0,5.6,0.0,,mcdanja01,jalen mcdaniels,600000.0,True
332,Jalen Pickett,25,DEN,SG,49,4,666,10.9,0.545,0.561,0.044,2.6,8.8,5.9,19.5,1.4,0.7,11.6,13.2,0.8,0.3,1.1,0.078,-0.8,-0.7,-1.5,0.1,,pickeja02,jalen pickett,2221677.0,False
277,Jalen Smith,24,CHI,C,64,2,962,18.7,0.586,0.544,0.218,9.9,28.7,19.5,9.7,0.8,4.0,7.6,21.0,1.7,1.3,2.9,0.146,1.5,-0.6,0.9,0.7,,smithja04,jalen smith,9000000.0,False
269,Jalen Suggs,23,ORL,PG,35,35,1002,14.4,0.536,0.503,0.229,2.5,14.2,8.1,21.6,2.5,3.2,16.2,27.5,-0.7,1.8,1.1,0.052,-0.8,1.3,0.4,0.6,,suggsja01,jalen suggs,35000000.0,False
53,Jalen Williams,23,OKC,SG,69,69,2237,20.3,0.573,0.291,0.256,2.9,14.6,8.8,23.4,2.4,2.1,10.3,27.5,3.7,4.1,7.8,0.168,2.7,1.4,4.0,3.4,ASNBA3DEF2,willija06,jalen williams,6580997.0,False
86,Jalen Wilson,24,BRK,PF,79,22,2031,9.5,0.541,0.584,0.266,4.0,11.4,7.5,10.8,1.0,0.2,10.2,16.6,0.9,1.0,1.9,0.046,-2.6,-1.3,-3.9,-1.0,,wilsoja03,jalen wilson,2221677.0,False
373,Jamal Cain,25,NOP,SF,37,0,502,11.4,0.544,0.506,0.316,5.6,12.8,9.1,6.2,2.2,1.7,10.9,17.0,0.1,0.2,0.4,0.036,-2.5,-0.8,-3.4,-0.2,,cainja01,jamal cain,1200000.0,True
34,Jamal Murray,27,DEN,PG,67,67,2418,17.8,0.584,0.354,0.219,2.2,9.3,5.9,23.2,1.8,1.2,10.1,24.0,4.6,1.6,6.2,0.123,1.8,-1.0,0.8,1.7,,murraja01,jamal murray,46394100.0,False
184,Jamal Shead,22,TOR,PG,75,11,1467,9.9,0.499,0.442,0.137,2.1,6.4,4.2,29.8,1.9,0.7,18.0,18.6,-0.2,1.1,0.8,0.027,-3.2,-0.9,-4.1,-0.8,,sheadja01,jamal shead,1955377.0,False
516,Jamaree Bouyea,25,MIL,PG,5,1,62,9.7,0.581,0.417,0.5,1.8,6.7,4.4,20.8,3.1,3.0,35.3,16.0,-0.1,0.1,0.0,0.007,-4.6,-0.9,-5.4,0.0,,bouyeja01,jamaree bouyea,600000.0,True
5,James Harden,35,LAC,PG,79,79,2789,20.0,0.582,0.516,0.446,2.3,16.1,9.3,36.8,2.1,2.0,18.0,29.6,4.0,4.3,8.3,0.143,3.5,0.8,4.3,4.4,MVP-10ASNBA3,hardeja01,james harden,1200000.0,True
530,James Johnson,37,IND,PF,12,0,37,0.0,0.35,0.273,0.091,0.0,17.9,9.0,13.7,0.0,4.9,25.9,18.0,-0.2,0.0,-0.1,-0.162,-9.6,-0.2,-9.7,-0.1,,johnsja01,james johnson,600000.0,True
566,James Wiseman,23,IND,C,1,0,5,31.2,0.615,0.25,0.5,0.0,22.1,11.1,0.0,0.0,0.0,0.0,42.2,0.0,0.0,0.0,0.237,6.0,-4.4,1.6,0.0,,wisemja01,james wiseman,2667947.0,False
264,Jamison Battle,23,TOR,SF,59,10,1042,10.7,0.59,0.746,0.052,3.7,12.8,8.1,7.1,0.8,0.9,7.1,15.3,1.0,0.7,1.7,0.079,-0.9,-1.3,-2.3,-0.1,,battlja01,jamison battle,1955377.0,False
237,Jarace Walker,21,IND,PF,75,5,1187,11.9,0.59,0.514,0.192,2.4,19.0,10.8,12.2,2.2,1.9,16.7,17.1,0.1,1.5,1.6,0.065,-1.8,0.8,-0.9,0.3,,walkeja02,jarace walker,6665520.0,False
263,Jared Butler,24,2TM,SG,60,17,1044,15.6,0.549,0.373,0.201,2.5,9.3,5.8,33.8,2.0,1.2,14.0,23.6,1.0,0.4,1.4,0.063,0.5,-1.5,-1.0,0.3,,butleja02,jared butler,1200000.0,True
351,Jared McCain,20,PHI,SG,23,8,592,15.2,0.589,0.485,0.204,2.4,8.6,5.4,16.7,1.2,0.0,11.0,24.7,0.6,0.1,0.7,0.057,1.8,-1.6,0.2,0.3,ROY-7,mccaija01,jared mccain,4221360.0,False
452,Jared Rhoden,25,2TM,SG,14,2,227,16.4,0.602,0.448,0.287,6.5,13.5,9.9,10.5,2.1,0.8,8.4,19.7,0.4,0.2,0.6,0.131,-0.5,0.0,-0.5,0.1,,rhodeja01,jared rhoden,1200000.0,True
58,Jaren Jackson Jr.,25,MEM,C,74,74,2207,19.6,0.591,0.321,0.328,4.4,15.5,10.0,10.1,1.9,4.7,9.9,28.1,3.2,3.2,6.4,0.139,1.6,0.8,2.3,2.4,DPOY-7ASDEF2,jacksja02,jaren jackson jr,35000000.0,False
355,Jarred Vanderbilt,25,LAL,PF,36,2,581,13.2,0.537,0.264,0.298,13.6,21.5,17.6,9.4,3.0,1.6,17.5,12.5,0.5,0.9,1.4,0.114,-2.3,1.3,-1.0,0.2,,vandeja01,jarred vanderbilt,11571429.0,False
41,Jarrett Allen,26,CLE,C,82,82,2296,22.1,0.724,0.008,0.433,10.5,26.7,18.8,9.5,1.6,2.9,11.3,15.9,7.6,4.0,11.6,0.243,3.0,1.2,4.2,3.6,,allenja01,jarrett allen,20000000.0,False
220,Javonte Green,31,2TM,SG,68,19,1258,10.7,0.541,0.491,0.265,5.0,13.9,9.4,5.9,2.5,2.4,9.1,11.8,0.7,0.9,1.6,0.063,-2.8,0.5,-2.3,-0.1,,greenja02,javonte green,1200000.0,True
254,Jaxson Hayes,24,LAL,C,56,35,1093,15.8,0.72,0.013,0.439,8.3,19.1,13.9,7.5,1.4,4.4,13.9,12.4,2.3,1.4,3.7,0.162,-1.6,1.3,-0.3,0.5,,hayesja02,jaxson hayes,1200000.0,True
321,Jay Huff,26,MEM,C,64,2,748,18.2,0.666,0.656,0.184,4.3,13.9,9.1,7.0,1.0,6.9,9.3,19.6,1.6,1.0,2.5,0.162,2.5,1.0,3.5,1.1,,huffja01,jay huff,2349578.0,False
67,Jaylen Brown,28,BOS,SF,63,63,2158,17.8,0.555,0.32,0.288,4.1,14.4,9.3,21.4,1.7,0.8,11.4,28.9,2.3,2.9,5.2,0.115,0.4,-0.4,0.0,1.1,AS,brownja02,jaylen brown,53142264.0,False
367,Jaylen Clark,23,MIN,SG,40,4,522,12.0,0.598,0.425,0.308,5.6,5.6,5.6,6.7,3.4,0.4,5.5,12.0,0.9,0.7,1.6,0.147,-2.9,2.7,-0.2,0.2,,clarkja02,jaylen clark,2191897.0,False
448,Jaylen Martin,21,2TM,SF,16,0,239,9.1,0.497,0.311,0.135,4.8,14.4,9.6,10.3,1.8,0.0,13.3,15.9,-0.1,0.1,0.0,-0.004,-4.5,-1.9,-6.3,-0.3,,martija02,jaylen martin,1200000.0,True
465,Jaylen Nowell,25,NOP,SG,8,0,168,7.5,0.43,0.37,0.151,3.7,9.3,6.4,15.6,0.3,2.3,9.3,21.6,-0.2,0.0,-0.2,-0.069,-3.2,-2.5,-5.7,-0.2,,nowelja01,jaylen nowell,600000.0,True
491,Jaylen Sims,26,CHO,SG,6,0,112,9.8,0.607,0.536,0.536,2.8,2.9,2.9,15.6,1.3,0.9,18.8,16.2,0.1,0.0,0.1,0.048,-2.8,-1.3,-4.1,-0.1,,simsja01,jaylen sims,600000.0,True
84,Jaylen Wells,21,MEM,SG,79,74,2043,10.5,0.56,0.58,0.2,4.6,9.3,6.9,8.4,1.0,0.4,8.6,15.9,2.1,1.4,3.5,0.083,-1.2,-1.0,-2.2,-0.1,ROY-3,wellsja01,jaylen wells,1955377.0,False
309,Jaylin Williams,22,OKC,PF,47,9,784,16.4,0.594,0.692,0.136,6.7,28.7,17.9,19.0,1.3,3.7,13.0,14.6,1.5,1.7,3.3,0.199,1.5,2.7,4.3,1.2,,willija07,jaylin williams,1200000.0,True
389,Jaylon Tyson,22,CLE,SG,47,3,453,11.1,0.523,0.389,0.161,9.1,13.7,11.5,12.4,1.4,0.6,14.0,17.4,0.3,0.5,0.8,0.083,-2.4,-0.2,-2.7,-0.1,,tysonja01,jaylon tyson,3492480.0,False
14,Jayson Tatum,26,BOS,PF,72,72,2624,21.7,0.582,0.497,0.3,2.0,23.7,12.9,27.0,1.5,1.3,11.2,31.2,5.3,4.2,9.5,0.174,4.4,0.8,5.2,4.8,MVP-4CPOY-10ASNBA1,tatumja01,jayson tatum,54126450.0,False
519,Jazian Gortman,21,DAL,PG,16,0,57,6.5,0.485,0.478,0.174,2.0,7.5,4.8,14.7,1.7,1.5,16.8,22.4,-0.1,0.0,-0.1,-0.056,-5.5,-0.8,-6.3,-0.1,,gortmja01,jazian gortman,600000.0,True
499,JD Davison,22,BOS,PG,16,0,93,6.5,0.445,0.529,0.206,2.3,12.8,7.6,19.1,2.7,1.0,26.0,23.6,-0.3,0.1,-0.2,-0.081,-5.9,-0.3,-6.2,-0.1,,davisjd01,jd davison,2270735.0,False
472,Jeenathan Williams,25,HOU,SG,20,0,147,8.6,0.496,0.419,0.129,3.6,5.9,4.7,8.8,2.6,2.4,17.6,22.3,-0.2,0.2,0.0,-0.007,-5.5,-0.2,-5.7,-0.1,,willije02,jeenathan williams,600000.0,True
343,Jeff Dowtin Jr.,27,PHI,PG,41,3,621,16.1,0.57,0.304,0.196,2.1,9.1,5.5,19.6,1.9,1.9,5.7,18.6,1.1,0.3,1.3,0.103,0.7,-0.5,0.2,0.3,,dowtije01,jeff dowtin jr,1200000.0,True
404,Jeff Green,38,HOU,PF,32,3,396,13.6,0.649,0.653,0.215,2.9,12.9,7.8,7.0,0.7,0.9,6.4,14.7,0.9,0.4,1.3,0.159,0.3,0.0,0.4,0.2,,greenje02,jeff green,1200000.0,True
173,Jerami Grant,30,POR,PF,47,47,1524,10.9,0.523,0.516,0.289,1.8,10.0,5.8,9.5,1.3,2.7,9.1,19.4,0.6,1.2,1.8,0.057,-1.4,-0.3,-1.6,0.1,,grantje01,jerami grant,32000001.0,False
227,Jeremiah Robinson-Earl,24,NOP,PF,66,9,1239,12.9,0.563,0.473,0.159,9.3,18.4,13.7,9.9,1.5,0.5,12.1,14.4,1.3,0.5,1.7,0.067,-0.9,-1.6,-2.5,-0.2,,robinje02,jeremiah robinsonearl,1200000.0,True
203,Jeremy Sochan,21,SAS,PF,54,23,1364,15.9,0.589,0.194,0.267,10.0,17.7,13.8,13.7,1.6,1.8,13.8,19.0,1.7,1.1,2.7,0.096,-0.8,-0.4,-1.2,0.3,,sochaje01,jeremy sochan,7096231.0,False
341,Jericho Sims,26,2TM,C,53,5,632,10.0,0.639,0.0,0.183,12.9,22.0,17.6,6.4,0.8,2.8,30.1,7.6,0.5,0.7,1.3,0.096,-3.1,0.1,-3.0,-0.2,,simsje01,jericho sims,1200000.0,True
565,Jesse Edwards,24,MIN,C,2,0,5,-0.1,,,,0.0,0.0,0.0,23.6,0.0,0.0,,0.0,0.0,0.0,0.0,0.111,-8.8,4.7,-4.0,0.0,,edwarje01,jesse edwards,600000.0,True
326,Jett Howard,21,ORL,SF,60,0,701,7.1,0.491,0.71,0.088,3.1,8.6,5.7,9.6,0.9,1.5,11.7,19.2,-0.6,0.8,0.1,0.01,-4.1,-1.2,-5.3,-0.6,,howarje01,jett howard,5529720.0,False
423,Jevon Carter,29,CHI,PG,36,1,321,12.2,0.509,0.719,0.068,1.3,11.2,6.4,17.2,1.9,0.8,6.8,21.0,0.1,0.3,0.3,0.046,-1.0,-1.1,-2.1,0.0,,carteje01,jevon carter,6809524.0,False
138,Jimmy Butler,35,2TM,SF,55,55,1746,22.4,0.626,0.174,0.657,7.7,10.8,9.2,25.5,2.2,1.0,8.8,20.8,6.6,2.0,8.7,0.238,4.0,1.0,4.9,3.0,,butleji01,jimmy butler,54126450.0,False
375,Jock Landale,29,HOU,C,42,3,500,16.0,0.59,0.171,0.263,11.7,17.6,14.6,10.3,1.3,1.8,11.0,15.7,1.0,0.7,1.7,0.159,0.0,0.4,0.4,0.3,,landajo01,jock landale,8000000.0,False
488,Joe Ingles,37,MIN,SF,19,1,114,2.4,0.326,0.652,0.0,2.0,8.6,5.4,25.4,0.9,0.0,28.1,12.2,-0.2,0.1,-0.1,-0.035,-6.9,-0.1,-7.0,-0.1,,inglejo01,joe ingles,600000.0,True
356,Joel Embiid,30,PHI,C,19,19,574,23.4,0.58,0.244,0.537,6.8,24.5,15.3,25.6,1.2,3.1,13.7,34.2,0.9,0.5,1.4,0.118,3.7,-0.3,3.5,0.8,,embiijo01,joel embiid,55224526.0,False
232,John Collins,27,UTA,PF,40,31,1220,19.0,0.628,0.279,0.309,7.9,20.9,14.4,10.8,1.5,3.1,14.6,24.2,1.7,0.8,2.5,0.098,1.4,-0.4,1.0,0.9,,collijo01,john collins,26580000.0,False
360,John Konchar,28,MEM,SG,46,4,558,12.1,0.592,0.681,0.088,7.1,21.4,14.3,8.8,2.5,2.3,14.5,8.0,0.6,0.9,1.5,0.131,-0.7,2.3,1.7,0.5,,konchjo01,john konchar,6165000.0,False
447,Johnny Davis,22,WAS,SG,34,0,242,10.2,0.473,0.372,0.192,4.3,12.1,8.2,6.6,2.9,2.2,7.6,15.9,-0.1,0.2,0.1,0.01,-3.5,0.7,-2.8,0.0,,davisjo06,johnny davis,1200000.0,True
410,Johnny Furphy,20,IND,SG,50,0,379,9.8,0.506,0.543,0.239,6.8,14.0,10.4,6.2,2.3,2.6,10.6,13.0,0.1,0.5,0.5,0.07,-3.0,0.6,-2.5,0.0,,furphjo01,johnny furphy,1955377.0,False
218,Johnny Juzang,23,UTA,SG,64,18,1270,11.8,0.573,0.661,0.112,3.6,12.0,7.8,7.9,1.5,0.6,6.7,17.6,1.3,0.3,1.6,0.06,-0.9,-1.4,-2.3,-0.1,,juzanjo01,johnny juzang,1200000.0,True
174,Jonas Valančiūnas,32,2TM,C,81,21,1524,20.8,0.602,0.059,0.263,13.3,30.7,22.0,17.6,1.2,2.8,14.6,22.8,2.6,1.7,4.3,0.137,0.8,-0.1,0.6,1.0,,valanjo01,jonas valanciunas,10395000.0,False
256,Jonathan Isaac,27,ORL,PF,71,1,1090,16.6,0.512,0.466,0.33,12.0,21.5,16.5,5.5,2.8,7.0,8.2,16.2,0.8,2.5,3.4,0.148,-1.1,1.8,0.7,0.7,,isaacjo01,jonathan isaac,15000000.0,False
246,Jonathan Kuminga,22,GSW,PF,47,10,1144,15.7,0.535,0.266,0.414,5.1,15.6,10.2,14.6,1.6,1.7,9.6,27.4,0.5,1.5,1.9,0.08,-0.5,-0.1,-0.6,0.4,,kuminjo01,jonathan kuminga,1200000.0,True
215,Jonathan Mogbo,23,TOR,PF,63,18,1286,11.9,0.496,0.197,0.23,8.9,17.3,13.0,15.3,2.1,2.5,15.1,15.0,0.3,1.6,1.9,0.071,-2.9,1.0,-1.9,0.0,,mogbojo01,jonathan mogbo,1955377.0,False
278,Jordan Clarkson,32,UTA,SG,37,9,962,14.5,0.54,0.471,0.29,2.8,10.4,6.6,22.9,1.5,0.9,13.4,27.8,0.2,0.2,0.4,0.021,0.6,-2.1,-1.5,0.1,,clarkjo01,jordan clarkson,14285714.0,False
363,Jordan Goodwin,26,LAL,PG,29,5,543,12.1,0.541,0.472,0.076,8.1,14.9,11.6,10.5,2.7,1.9,14.9,14.1,0.2,0.7,1.0,0.084,-1.7,0.8,-0.8,0.2,,goodwjo01,jordan goodwin,2349578.0,False
212,Jordan Hawkins,22,NOP,SG,56,9,1321,9.6,0.504,0.597,0.176,2.0,11.2,6.5,7.3,1.1,1.7,8.8,21.0,-0.7,0.1,-0.5,-0.02,-2.4,-3.0,-5.4,-1.2,,hawkijo01,jordan hawkins,4741320.0,False
428,Jordan McLaughlin,28,2TM,PG,46,0,314,12.3,0.6,0.639,0.306,2.1,8.5,5.3,21.0,2.5,0.3,16.4,13.3,0.4,0.2,0.6,0.098,-1.6,0.0,-1.6,0.0,,mclaujo01,jordan mclaughlin,1200000.0,True
395,Jordan Miller,25,LAC,SF,37,0,420,10.5,0.509,0.284,0.261,6.3,9.3,7.8,11.2,2.0,1.2,14.8,18.2,-0.1,0.5,0.4,0.049,-3.0,0.2,-2.8,-0.1,,millejo02,jordan miller,1200000.0,True
91,Jordan Poole,25,WAS,SG,68,68,2001,16.6,0.591,0.588,0.259,1.6,9.0,5.3,25.6,2.0,1.2,14.8,29.0,1.2,0.8,2.0,0.047,2.0,-1.6,0.4,1.2,,poolejo01,jordan poole,31848215.0,False
400,Jordan Walsh,20,BOS,PF,52,1,403,6.9,0.464,0.663,0.145,6.2,12.4,9.3,6.0,1.5,2.5,16.1,11.5,-0.2,0.5,0.4,0.044,-4.4,0.5,-3.9,-0.2,,walshjo01,jordan walsh,2221677.0,False
202,Jose Alvarado,26,NOP,PG,56,23,1366,13.4,0.523,0.593,0.142,2.1,8.9,5.4,27.3,2.6,1.0,13.4,19.8,0.7,0.5,1.2,0.043,-0.6,-0.8,-1.4,0.2,,alvarjo01,jose alvarado,4500000.0,False
511,Josh Christopher,23,MIA,SG,14,0,69,9.4,0.416,0.355,0.194,0.0,14.3,7.2,17.2,3.6,4.2,15.1,25.5,-0.2,0.1,-0.1,-0.073,-7.5,-0.4,-7.9,-0.1,,chrisjo01,josh christopher,600000.0,True
73,Josh Giddey,22,CHI,PG,70,69,2117,18.1,0.57,0.348,0.281,6.4,21.4,14.0,32.9,1.9,1.8,18.4,21.7,2.8,2.5,5.3,0.121,1.9,1.1,3.0,2.7,,giddejo01,josh giddey,1200000.0,True
108,Josh Green,24,CHO,SG,68,67,1887,7.8,0.559,0.589,0.171,3.1,6.7,4.9,8.2,1.9,0.8,13.4,11.8,0.4,1.0,1.5,0.037,-4.5,0.2,-4.3,-1.1,,greenjo02,josh green,13666667.0,False
2,Josh Hart,29,NYK,SG,77,77,2897,16.5,0.611,0.327,0.266,6.4,22.6,14.6,20.7,2.0,0.9,15.5,15.3,5.4,3.8,9.2,0.153,1.1,1.8,2.8,3.6,,hartjo01,josh hart,19472240.0,False
433,Josh Minott,22,MIN,SF,46,0,276,15.5,0.605,0.478,0.211,4.9,13.8,9.4,9.5,2.7,4.0,10.1,17.2,0.4,0.5,0.9,0.153,-0.7,2.9,2.2,0.3,,minotjo01,josh minott,1200000.0,True
342,Josh Okogie,26,2TM,SG,40,7,625,16.3,0.567,0.434,0.401,8.0,11.8,9.9,7.9,3.8,2.8,11.1,19.5,0.6,0.7,1.3,0.1,-0.1,1.6,1.5,0.6,,okogijo01,josh okogie,1200000.0,True
471,Josh Richardson,31,MIA,SG,8,0,150,4.4,0.402,0.579,0.105,4.5,4.4,4.4,10.5,2.7,0.6,16.8,14.1,-0.2,0.2,-0.1,-0.021,-7.3,0.6,-6.7,-0.2,,richajo01,josh richardson,600000.0,True
104,Jrue Holiday,34,BOS,PG,62,62,1896,13.5,0.565,0.534,0.134,4.4,10.8,7.6,17.3,1.7,1.3,11.3,15.8,2.8,2.4,5.1,0.13,-0.3,1.0,0.7,1.3,,holidjr01,jrue holiday,32400000.0,False
444,JT Thor,22,2TM,PF,20,0,249,10.0,0.517,0.356,0.373,8.4,11.8,10.1,3.3,1.5,3.2,11.6,13.1,0.0,0.2,0.2,0.033,-4.3,-1.1,-5.4,-0.2,,thorjt01,jt thor,1200000.0,True
101,Julian Champagnie,23,SAS,SF,82,29,1932,12.2,0.577,0.722,0.141,3.7,13.9,8.8,7.9,1.5,1.6,9.5,17.2,1.3,1.2,2.5,0.062,-0.3,-0.9,-1.3,0.4,,champju02,julian champagnie,3000000.0,False
249,Julian Phillips,21,CHI,SF,79,5,1123,10.2,0.571,0.533,0.265,6.4,9.4,7.9,4.4,1.6,1.5,7.8,12.9,1.0,0.8,1.9,0.08,-2.6,-0.4,-3.0,-0.3,,phillju01,julian phillips,2221677.0,False
198,Julian Strawther,22,DEN,SG,65,4,1384,9.5,0.559,0.553,0.185,1.4,9.5,5.6,7.6,1.4,1.0,9.8,17.8,0.5,0.8,1.3,0.043,-3.1,-1.4,-4.5,-0.9,,strawju01,julian strawther,2674200.0,False
56,Julius Randle,30,MIN,PF,69,69,2226,17.5,0.593,0.334,0.357,7.3,16.8,12.1,22.5,1.0,0.7,15.3,25.0,3.6,2.6,6.2,0.134,1.5,-0.2,1.3,1.8,,randlju01,julius randle,1200000.0,True
208,Justin Champagnie,23,WAS,SF,62,31,1340,15.7,0.614,0.47,0.178,8.6,18.6,13.6,6.8,2.3,2.6,10.9,15.6,1.6,1.2,2.8,0.1,-0.3,-0.2,-0.5,0.5,,champju01,justin champagnie,2349578.0,False
244,Justin Edwards,21,PHI,SF,44,26,1155,11.3,0.559,0.503,0.122,4.3,10.4,7.3,8.9,1.9,1.4,11.0,16.9,0.4,0.5,0.9,0.039,-2.1,-1.6,-3.7,-0.5,,edwarju01,justin edwards,1200000.0,True
496,Justin Minaya,25,POR,SF,19,0,101,5.0,0.411,0.476,0.095,5.2,5.5,5.4,9.1,2.9,0.9,18.6,11.1,-0.1,0.1,0.0,-0.007,-7.1,1.7,-5.4,-0.1,,minayju01,justin minaya,600000.0,True
258,Jusuf Nurkić,30,2TM,C,51,32,1063,15.2,0.555,0.298,0.364,8.8,32.0,20.5,16.8,1.9,3.1,19.2,20.6,0.0,1.5,1.5,0.066,-2.2,0.9,-1.3,0.2,,nurkiju01,jusuf nurkic,19375000.0,False
384,Kai Jones,24,2TM,C,40,6,468,20.2,0.804,0.046,0.294,9.6,19.7,14.8,7.9,1.6,4.6,12.8,13.0,1.4,0.7,2.1,0.216,1.4,1.5,2.9,0.6,,joneska01,kai jones,1200000.0,True
27,Karl-Anthony Towns,29,NYK,C,72,72,2517,23.4,0.63,0.278,0.337,9.8,32.0,21.0,13.8,1.4,1.9,12.1,27.4,6.3,3.8,10.1,0.193,3.5,0.1,3.6,3.5,ASNBA3,townska01,karlanthony towns,53142264.0,False
306,Karlo Matković,23,NOP,PF,42,7,791,15.6,0.639,0.281,0.187,8.5,20.4,14.2,8.6,1.3,5.0,14.5,15.9,1.0,0.6,1.6,0.096,-1.9,-0.2,-2.0,0.0,,matkoka01,karlo matkovic,1955377.0,False
238,Kawhi Leonard,33,LAC,SF,37,37,1180,20.5,0.589,0.305,0.194,3.4,17.4,10.5,16.4,2.5,1.4,9.6,27.7,1.5,1.9,3.5,0.141,2.5,0.6,3.1,1.5,,leonaka01,kawhi leonard,50000000.0,False
374,Keaton Wallace,25,ATL,PG,31,5,501,10.1,0.503,0.506,0.068,1.5,9.6,5.5,21.0,2.6,1.7,16.5,16.4,-0.1,0.5,0.4,0.034,-3.3,1.0,-2.3,0.0,,wallake01,keaton wallace,1200000.0,True
16,Keegan Murray,24,SAC,PF,76,76,2610,12.0,0.553,0.548,0.088,6.3,15.5,10.9,5.6,1.1,2.6,6.6,15.0,2.4,2.1,4.4,0.082,-0.8,-0.8,-1.6,0.2,,murrake02,keegan murray,11144093.0,False
420,Keion Brooks Jr.,24,NOP,SF,14,6,332,12.8,0.581,0.394,0.275,3.8,15.4,9.4,5.7,1.5,2.9,8.9,17.1,0.3,0.1,0.4,0.057,-2.2,-1.3,-3.5,-0.1,,brookke02,keion brooks jr,1200000.0,True
120,Keldon Johnson,25,SAS,SF,77,0,1838,15.6,0.572,0.356,0.252,6.5,15.1,10.8,10.2,1.3,1.1,8.3,21.6,2.2,1.0,3.2,0.083,0.0,-1.6,-1.6,0.2,,johnske04,keldon johnson,17500000.0,False
189,Kel'el Ware,20,MIA,C,64,36,1422,17.4,0.603,0.239,0.144,9.1,27.5,18.4,6.5,1.4,4.8,10.4,17.2,1.7,2.5,4.1,0.14,-0.7,0.6,-0.1,0.7,ROY-6,wareke01,kelel ware,4443360.0,False
290,Kelly Olynyk,33,2TM,C,44,22,891,14.9,0.609,0.295,0.403,7.3,17.9,12.4,20.5,1.8,2.0,19.4,18.5,1.0,0.7,1.7,0.092,-1.1,0.4,-0.7,0.3,,olynyke01,kelly olynyk,13445122.0,False
79,Kelly Oubre Jr.,29,PHI,SF,60,57,2078,13.5,0.551,0.327,0.25,5.1,15.4,10.0,7.9,2.2,1.4,8.9,18.9,1.2,1.4,2.6,0.061,-1.7,-0.6,-2.3,-0.1,,oubreke01,kelly oubre jr,8382150.0,False
248,Kenrich Williams,30,OKC,PF,69,7,1132,13.7,0.587,0.483,0.11,6.3,16.3,11.4,11.0,1.8,0.9,9.5,15.4,1.6,1.9,3.6,0.151,-0.4,0.9,0.6,0.7,,willike04,kenrich williams,7163000.0,False
46,Kentavious Caldwell-Pope,31,ORL,SG,77,77,2279,9.9,0.574,0.607,0.175,1.6,7.2,4.3,8.7,2.2,1.4,9.6,12.4,1.5,3.1,4.6,0.096,-3.0,1.6,-1.4,0.3,,caldwke01,kentavious caldwellpope,21621500.0,False
98,Keon Ellis,25,SAC,SG,80,28,1948,13.5,0.664,0.692,0.185,3.4,8.8,6.1,8.0,3.0,3.2,12.4,12.7,2.7,2.2,5.0,0.122,-0.1,2.0,1.9,1.9,,elliske01,keon ellis,2301587.0,False
102,Keon Johnson,22,BRK,SG,79,56,1925,10.4,0.499,0.515,0.178,3.5,14.5,8.8,14.6,2.1,1.5,12.1,21.7,-1.3,1.9,0.5,0.014,-3.1,-0.1,-3.3,-0.6,,johnske07,keon johnson,2349578.0,False
497,Keshad Johnson,23,MIA,SF,16,0,98,19.1,0.718,0.269,0.346,6.8,24.6,15.8,6.3,2.5,3.9,11.8,15.4,0.2,0.2,0.4,0.181,-1.0,0.9,-0.1,0.0,,johnske10,keshad johnson,1955377.0,False
347,Kessler Edwards,24,DAL,SF,40,18,608,11.3,0.597,0.4,0.096,4.0,16.3,10.3,9.1,1.5,2.8,10.2,11.1,0.6,0.6,1.2,0.096,-2.0,0.6,-1.4,0.1,,edwarke02,kessler edwards,1200000.0,True
49,Kevin Durant,36,PHO,PF,62,62,2265,21.2,0.642,0.331,0.321,1.2,16.9,9.2,19.6,1.1,3.2,12.9,28.7,4.0,1.2,5.2,0.111,3.9,-0.7,3.2,3.0,AS,duranke01,kevin durant,54708609.0,False
150,Kevin Huerter,26,2TM,SG,69,31,1679,11.3,0.544,0.647,0.081,2.0,11.3,6.7,12.6,1.9,1.3,9.7,17.5,0.6,1.3,1.9,0.054,-1.8,-0.2,-2.0,0.0,,huertke01,kevin huerter,17991071.0,False
502,Kevin Knox,25,GSW,SF,14,0,84,17.1,0.582,0.417,0.222,8.7,13.2,10.9,9.4,1.2,4.5,9.2,21.8,0.1,0.1,0.2,0.121,-0.7,-0.6,-1.3,0.0,,knoxke01,kevin knox,600000.0,True
442,Kevin Love,36,MIA,PF,23,9,251,16.2,0.488,0.583,0.2,9.8,31.4,20.7,13.1,3.0,1.5,10.1,24.6,-0.1,0.5,0.4,0.083,-0.3,0.7,0.4,0.2,,loveke01,kevin love,4150000.0,False
541,Kevin McCullar Jr.,23,NYK,SF,4,0,29,6.7,0.381,0.143,0.286,0.0,31.3,15.8,8.4,1.7,3.2,0.0,11.8,0.0,0.0,0.0,0.06,-8.5,1.3,-7.2,0.0,,mcculke01,kevin mccullar jr,600000.0,True
180,Kevin Porter Jr.,24,2TM,SG,75,4,1482,15.4,0.531,0.271,0.259,3.2,17.3,10.4,25.9,2.7,0.9,15.8,25.4,-0.1,2.3,2.2,0.072,-1.6,0.9,-0.6,0.5,,porteke02,kevin porter jr,1200000.0,True
247,Kevon Looney,28,GSW,C,76,6,1142,17.0,0.535,0.018,0.356,16.9,26.9,21.8,14.3,2.0,3.1,10.8,13.3,2.2,2.1,4.3,0.182,-1.0,1.3,0.3,0.7,,looneke01,kevon looney,1200000.0,True
75,Keyonte George,21,UTA,PG,67,35,2109,12.9,0.539,0.552,0.31,1.3,11.5,6.5,26.9,1.0,0.4,14.9,24.3,0.9,0.1,1.1,0.024,-0.2,-2.5,-2.7,-0.3,,georgke01,keyonte george,4278960.0,False
296,Khris Middleton,33,2TM,SF,37,21,843,16.7,0.588,0.395,0.249,1.7,15.4,8.7,26.8,2.0,0.9,13.0,22.0,1.2,0.8,2.0,0.116,0.4,0.3,0.7,0.6,,middlkh01,khris middleton,33296296.0,False
467,Killian Hayes,23,BRK,PG,6,5,162,12.7,0.559,0.488,0.279,3.3,9.6,6.3,28.6,1.2,2.5,15.7,15.5,0.2,0.1,0.3,0.095,-0.5,-0.1,-0.6,0.1,,hayeski01,killian hayes,600000.0,True
284,KJ Martin,24,2TM,PF,43,16,912,10.2,0.618,0.289,0.234,3.6,11.8,7.6,7.4,0.9,2.3,9.8,11.5,1.1,0.2,1.3,0.068,-3.2,-0.3,-3.6,-0.4,,martike04,kj martin,8025000.0,False
297,KJ Simpson,22,CHO,PG,36,15,842,8.3,0.437,0.432,0.166,4.8,9.0,6.9,19.8,2.0,0.7,14.8,19.1,-1.0,0.5,-0.4,-0.025,-4.5,-0.9,-5.4,-0.7,,simpskj01,kj simpson,1200000.0,True
94,Klay Thompson,34,DAL,SF,72,72,1965,12.9,0.552,0.631,0.084,2.5,11.0,6.8,10.7,1.2,1.3,8.8,21.8,0.7,1.1,1.8,0.045,0.7,-1.6,-1.0,0.5,,thompkl01,klay thompson,16666667.0,False
434,Kobe Brown,25,LAC,PF,40,0,272,10.8,0.513,0.361,0.097,8.0,18.9,13.5,11.9,1.3,1.5,13.8,14.0,0.1,0.4,0.5,0.085,-2.5,0.4,-2.1,0.0,,brownko01,kobe brown,2654880.0,False
482,Kobe Bufkin,21,ATL,SG,10,0,124,10.5,0.483,0.404,0.383,4.3,14.5,9.3,18.2,1.1,1.5,12.7,20.8,0.0,0.1,0.0,0.018,-3.4,-0.5,-4.0,-0.1,,bufkiko01,kobe bufkin,4503720.0,False
131,Kris Dunn,30,LAC,PG,74,58,1783,11.3,0.531,0.513,0.05,3.4,12.4,8.0,15.6,3.5,1.5,14.2,12.7,0.8,3.2,4.0,0.108,-2.8,3.4,0.6,1.2,,dunnkr01,kris dunn,5426400.0,False
267,Kris Murray,24,POR,SF,69,6,1040,9.1,0.472,0.43,0.204,7.7,11.3,9.5,9.0,1.6,1.5,12.4,13.9,-0.2,0.9,0.7,0.033,-3.1,0.1,-3.0,-0.3,,murrakr01,kris murray,3132000.0,False
234,Kristaps Porziņģis,29,BOS,C,42,42,1210,22.3,0.618,0.436,0.347,6.1,19.3,12.8,11.4,1.3,4.8,7.4,25.9,3.3,2.0,5.3,0.212,3.5,1.2,4.7,2.1,,porzikr01,kristaps porzingis,30731707.0,False
270,Kyle Anderson,31,2TM,PF,61,4,1002,15.1,0.538,0.231,0.215,5.7,16.8,11.2,20.7,2.0,3.1,10.0,15.9,1.3,1.5,2.8,0.135,-0.6,2.2,1.5,0.9,,anderky01,kyle anderson,9219512.0,False
175,Kyle Filipowski,21,UTA,C,72,27,1522,14.9,0.594,0.425,0.276,8.0,23.1,15.6,13.9,1.5,1.4,14.9,18.7,1.5,1.0,2.5,0.078,-0.6,-0.3,-1.0,0.4,,filipky01,kyle filipowski,3000000.0,False
100,Kyle Kuzma,29,2TM,PF,65,62,1936,10.6,0.514,0.369,0.238,3.0,17.1,10.2,12.1,0.9,0.9,13.5,24.0,-2.3,1.3,-0.9,-0.024,-2.9,-2.0,-4.9,-1.4,,kuzmaky01,kyle kuzma,22410605.0,False
335,Kyle Lowry,38,PHI,PG,35,12,659,9.8,0.525,0.752,0.282,1.8,10.0,5.8,19.2,2.5,1.6,13.8,10.1,0.6,0.4,1.0,0.07,-2.8,1.5,-1.3,0.1,,lowryky01,kyle lowry,1200000.0,True
479,Kylor Kelley,27,2TM,C,11,2,126,12.1,0.644,0.0,0.455,10.4,23.4,16.8,5.3,0.4,2.1,13.2,10.3,0.2,0.1,0.3,0.102,-3.5,-1.9,-5.4,-0.1,,kelleky01,kylor kelley,600000.0,True
127,Kyrie Irving,32,DAL,SG,50,50,1804,19.9,0.594,0.38,0.226,3.7,10.6,7.2,20.5,1.8,1.1,9.7,27.4,3.4,1.3,4.6,0.124,3.9,-0.5,3.4,2.5,CPOY-10AS,irvinky01,kyrie irving,1200000.0,True
128,Kyshawn George,21,WAS,SG,68,38,1802,8.8,0.503,0.648,0.17,2.8,13.7,8.2,13.3,1.8,2.5,14.2,15.9,-0.9,1.1,0.1,0.003,-3.8,-0.3,-4.1,-0.9,,georgky01,kyshawn george,2966760.0,False
469,Lamar Stevens,27,MEM,PF,17,1,155,11.5,0.545,0.429,0.175,2.8,23.0,13.0,6.9,1.5,1.8,12.8,20.2,0.0,0.2,0.2,0.052,-3.6,-0.6,-4.2,-0.1,,stevela01,lamar stevens,600000.0,True
178,LaMelo Ball,23,CHO,PG,47,47,1505,19.1,0.536,0.526,0.228,3.3,13.4,8.2,43.8,1.8,0.8,13.1,35.9,0.9,1.1,2.0,0.065,4.1,-0.9,3.2,2.0,,ballla01,lamelo ball,37958760.0,False
317,Landry Shamet,27,NYK,SG,50,0,762,9.7,0.601,0.678,0.078,1.7,7.5,4.6,4.7,1.5,0.2,8.5,14.8,0.5,0.5,1.0,0.065,-1.9,-0.6,-2.4,-0.1,,shamela01,landry shamet,1200000.0,True
385,Larry Nance Jr.,32,ATL,PF,24,3,463,16.0,0.632,0.49,0.084,5.3,19.4,12.2,11.3,2.0,2.6,9.1,15.7,0.8,0.5,1.3,0.131,1.1,0.7,1.8,0.4,,nancela02,larry nance jr,1200000.0,True
182,Lauri Markkanen,27,UTA,PF,47,47,1476,15.6,0.571,0.57,0.264,5.3,14.9,10.1,7.5,1.1,1.1,7.8,24.0,1.8,0.3,2.2,0.07,1.8,-2.1,-0.3,0.7,,markkla01,lauri markkanen,46394100.0,False
32,LeBron James,40,LAL,SF,70,70,2444,22.7,0.604,0.312,0.261,3.4,21.2,12.6,40.3,1.4,1.5,15.5,30.1,4.9,2.8,7.7,0.152,4.9,0.7,5.6,4.7,MVP-6CPOY-7ASNBA2,jamesle01,lebron james,52627153.0,False
537,Leonard Miller,21,MIN,SF,13,0,32,19.9,0.54,0.333,0.533,10.6,27.3,19.1,0.0,3.1,2.9,9.7,27.8,0.0,0.1,0.1,0.145,-3.4,-0.3,-3.7,0.0,,millele01,leonard miller,2221677.0,False
461,Lester Quiñones,24,2TM,SG,13,0,183,9.5,0.514,0.564,0.167,2.4,9.1,5.7,19.4,0.8,1.0,14.3,22.6,-0.1,0.0,-0.1,-0.025,-3.2,-2.9,-6.1,-0.2,,quinole01,lester quinones,600000.0,True
520,Liam Robbins,25,MIL,C,13,0,57,2.6,0.363,0.25,1.25,13.9,9.2,11.4,4.2,1.7,3.3,32.6,14.2,-0.1,0.1,-0.1,-0.066,-9.2,-1.3,-10.5,-0.1,,robbili01,liam robbins,600000.0,True
312,Lindy Waters III,27,2TM,SG,52,9,778,8.8,0.504,0.747,0.044,2.7,12.8,7.6,9.1,1.7,1.3,7.3,14.8,0.1,0.9,1.0,0.062,-3.0,0.2,-2.8,-0.2,,waterli01,lindy waters iii,1200000.0,True
381,Lonnie Walker IV,26,PHI,SG,20,7,477,13.1,0.548,0.599,0.142,1.4,14.1,7.5,16.5,1.0,1.0,10.0,22.8,0.2,0.1,0.3,0.033,0.0,-2.4,-2.4,0.0,,walkelo01,lonnie walker iv,2940876.0,False
313,Lonzo Ball,27,CHI,PG,35,14,777,12.2,0.524,0.802,0.111,3.4,12.3,8.0,18.9,2.8,1.9,13.9,15.9,0.3,0.9,1.2,0.075,-1.5,1.7,0.2,0.4,,balllo01,lonzo ball,10000000.0,False
81,Luguentz Dort,25,OKC,SF,71,71,2073,11.3,0.586,0.696,0.078,4.7,10.3,7.6,6.9,1.8,1.9,7.7,13.6,2.4,3.2,5.6,0.129,-0.6,0.8,0.2,1.2,DPOY-4DEF1,dortlu01,luguentz dort,17722222.0,False
132,Luka Dončić,25,2TM,PG,50,50,1769,24.1,0.587,0.469,0.385,2.6,22.6,12.8,36.1,2.5,1.1,13.0,33.9,3.5,2.4,5.9,0.16,5.5,1.2,6.7,3.9,,doncilu01,luka doncic,45999660.0,False
453,Luka Garza,26,MIN,C,39,0,219,18.8,0.573,0.343,0.333,16.0,11.5,13.7,8.2,1.4,1.3,9.1,26.2,0.4,0.3,0.7,0.144,-0.4,-1.9,-2.3,0.0,,garzalu01,luka garza,1200000.0,True
183,Luke Kennard,28,MEM,SG,65,11,1472,13.6,0.631,0.606,0.132,2.7,10.4,6.6,18.5,1.6,0.3,13.6,14.5,2.6,1.3,3.9,0.127,0.9,0.2,1.1,1.2,,kennalu01,luke kennard,1200000.0,True
204,Luke Kornet,29,BOS,C,73,16,1361,19.6,0.683,0.011,0.346,15.2,15.8,15.5,11.9,1.3,4.8,8.8,11.4,4.8,2.2,7.0,0.246,1.6,1.7,3.3,1.8,,kornelu01,luke kornet,11000000.0,False
500,Luke Travers,23,CLE,SG,12,0,88,1.9,0.287,0.45,0.1,10.1,14.4,12.3,10.5,0.5,1.0,27.7,13.9,-0.2,0.1,-0.1,-0.082,-7.8,-1.9,-9.7,-0.2,,travelu01,luke travers,600000.0,True
558,Mac McClung,26,ORL,SG,2,0,10,-0.3,0.0,0.5,0.0,0.0,12.1,5.7,37.8,0.0,0.0,0.0,8.7,0.0,0.0,0.0,-0.047,-10.2,-0.8,-11.0,0.0,,mccluma01,mac mcclung,600000.0,True
527,Malachi Flynn,26,CHO,PG,4,0,44,12.4,0.512,0.308,0.462,7.1,9.9,8.5,23.3,3.4,0.0,20.4,19.0,0.0,0.0,0.0,0.043,-4.4,1.5,-2.8,0.0,,flynnma01,malachi flynn,600000.0,True
394,Malaki Branham,21,SAS,SG,47,0,427,12.0,0.575,0.442,0.174,1.8,11.1,6.4,13.4,1.2,0.4,14.3,23.8,-0.1,0.2,0.1,0.007,-1.2,-1.9,-3.2,-0.1,,branhma01,malaki branham,4962033.0,False
359,Malcolm Brogdon,32,WAS,PG,24,13,564,15.8,0.544,0.233,0.383,3.9,13.0,8.4,27.4,1.1,0.8,11.9,23.7,0.6,0.1,0.7,0.061,-0.1,-1.5,-1.5,0.1,,brogdma01,malcolm brogdon,1200000.0,True
547,Malevy Leons,25,OKC,SF,6,0,21,-2.3,0.266,0.5,2.0,5.2,10.0,7.7,5.1,0.0,0.0,21.0,9.6,0.0,0.0,0.0,-0.052,-10.4,-1.9,-12.4,-0.1,,leonsma01,malevy leons,600000.0,True
45,Malik Beasley,28,DET,SG,82,18,2283,14.4,0.59,0.715,0.131,2.3,8.0,5.2,8.9,1.5,0.2,6.8,22.5,2.9,1.8,4.7,0.1,2.0,-1.2,0.8,1.6,6MOY-2,beaslma01,malik beasley,1200000.0,True
83,Malik Monk,26,SAC,SG,65,45,2054,15.0,0.549,0.456,0.19,1.6,11.7,6.7,25.7,1.5,1.8,13.5,24.6,1.3,1.4,2.8,0.065,0.3,-1.1,-0.8,0.6,,monkma01,malik monk,18797619.0,False
440,Marcus Bagley,23,PHI,SF,10,4,253,11.8,0.456,0.464,0.145,9.9,21.9,15.7,5.5,1.8,4.7,8.7,13.8,0.0,0.2,0.2,0.045,-3.4,-0.9,-4.3,-0.1,,baglema02,marcus bagley,1200000.0,True
504,Marcus Garrett,26,CHO,SG,4,0,79,8.7,0.487,0.296,0.148,1.3,6.9,4.0,25.1,1.9,2.5,17.3,18.7,-0.1,0.1,0.0,-0.002,-5.4,-2.2,-7.6,-0.1,,garrema01,marcus garrett,600000.0,True
303,Marcus Sasser,24,DET,PG,57,1,811,14.0,0.589,0.514,0.172,2.5,6.9,4.7,22.9,2.2,0.5,14.5,19.4,1.0,0.8,1.8,0.108,-0.4,-0.2,-0.6,0.3,,sassema01,marcus sasser,2886720.0,False
331,Marcus Smart,30,2TM,PG,34,7,680,12.4,0.529,0.549,0.276,2.8,8.3,5.6,21.7,2.7,1.2,15.8,20.6,0.1,0.6,0.7,0.051,-1.6,0.1,-1.5,0.1,,smartma01,marcus smart,21586855.0,False
468,MarJon Beauchamp,24,3TM,SF,35,0,156,12.3,0.535,0.446,0.308,8.0,22.6,15.6,10.2,1.2,0.6,16.9,24.9,-0.1,0.2,0.1,0.02,-2.7,-1.6,-4.3,-0.1,,beaucma01,marjon beauchamp,600000.0,True
241,Mark Williams,23,CHO,C,44,41,1171,23.9,0.647,0.009,0.365,11.8,29.3,20.3,16.5,1.3,4.5,12.0,21.4,3.1,1.6,4.7,0.195,2.5,0.9,3.5,1.6,,willima07,mark williams,6276531.0,False
460,Markelle Fultz,26,SAC,PG,21,0,184,8.9,0.452,0.119,0.015,3.6,8.5,6.1,20.0,2.7,1.1,18.2,19.3,-0.3,0.2,-0.1,-0.026,-4.5,-0.2,-4.7,-0.1,,fultzma01,markelle fultz,600000.0,True
466,Markieff Morris,35,2TM,PF,15,2,165,6.0,0.385,0.514,0.086,2.1,13.1,7.8,17.5,0.6,1.7,6.4,20.5,-0.3,0.1,-0.2,-0.044,-5.2,-2.5,-7.6,-0.2,,morrima02,markieff morris,600000.0,True
437,Marvin Bagley III,25,2TM,PF,31,2,265,18.4,0.56,0.179,0.33,15.0,18.2,16.6,6.5,1.6,2.7,9.0,20.9,0.4,0.2,0.6,0.108,0.4,-1.6,-1.2,0.1,,baglema01,marvin bagley iii,1200000.0,True
525,Mason Jones,26,SAC,SG,10,0,45,20.6,0.569,0.444,0.278,5.0,17.5,11.2,35.6,0.0,2.2,4.7,20.3,0.2,0.0,0.2,0.198,3.5,-0.6,2.9,0.1,,jonesma05,mason jones,600000.0,True
214,Mason Plumlee,34,PHO,C,74,21,1300,14.8,0.645,0.02,0.634,10.2,28.4,19.5,13.6,1.3,3.4,18.6,10.8,2.4,1.3,3.7,0.136,-1.5,1.0,-0.6,0.5,,plumlma01,mason plumlee,1200000.0,True
177,Matas Buzelis,20,CHI,SF,80,31,1511,12.5,0.571,0.479,0.195,3.9,15.2,9.6,7.2,0.9,4.3,10.9,18.7,0.5,1.4,1.9,0.06,-2.0,-0.5,-2.5,-0.2,ROY-7,buzelma01,matas buzelis,5455560.0,False
429,Matisse Thybulle,27,POR,SG,15,5,312,17.0,0.592,0.545,0.17,4.7,13.6,9.0,12.7,5.1,2.6,12.1,14.4,0.4,0.6,0.9,0.146,0.0,5.1,5.0,0.6,,thybuma01,matisse thybulle,11550000.0,False
512,Matt Ryan,27,NYK,SF,19,0,68,6.1,0.439,0.613,0.065,0.0,13.4,6.8,5.9,1.5,0.0,8.6,22.3,-0.1,0.1,-0.1,-0.057,-5.1,-2.3,-7.5,-0.1,,ryanma01,matt ryan,600000.0,True
72,Max Christie,21,2TM,SG,78,36,2127,10.4,0.57,0.532,0.258,2.0,11.2,6.7,9.2,1.5,1.3,11.8,15.2,1.1,1.6,2.7,0.06,-2.1,-0.5,-2.5,-0.3,,chrisma02,max christie,7714286.0,False
217,Max Strus,28,CLE,SF,50,37,1273,12.6,0.607,0.786,0.091,4.6,13.6,9.2,15.6,1.0,0.9,12.2,14.7,2.2,1.3,3.4,0.13,1.1,0.2,1.3,1.1,,strusma01,max strus,15936452.0,False
339,Maxi Kleber,33,DAL,PF,34,4,637,5.6,0.489,0.51,0.219,4.4,11.7,8.1,8.3,0.7,2.3,17.9,8.7,0.0,0.4,0.3,0.023,-4.2,0.4,-3.8,-0.3,,klebima01,maxi kleber,11000000.0,False
422,Maxwell Lewis,22,2TM,SF,28,1,327,9.9,0.516,0.463,0.093,6.0,13.5,9.5,9.0,1.4,2.1,11.1,16.9,-0.1,0.3,0.2,0.03,-3.2,-1.1,-4.4,-0.2,,lewisma05,maxwell lewis,1200000.0,True
325,Micah Potter,26,UTA,C,38,10,705,8.5,0.563,0.726,0.148,6.6,18.4,12.5,5.8,1.0,1.9,17.7,10.3,0.2,0.3,0.4,0.03,-2.9,-0.6,-3.5,-0.3,,pottemi01,micah potter,1200000.0,True
19,Michael Porter Jr.,26,DEN,SF,77,77,2593,16.2,0.617,0.467,0.185,6.1,16.2,11.4,8.7,0.9,1.3,8.4,20.2,4.6,1.8,6.4,0.118,1.6,-1.7,-0.1,1.2,,portemi01,michael porter jr,38333050.0,False
1,Mikal Bridges,28,NYK,SF,82,82,3036,14.0,0.585,0.391,0.1,2.7,7.0,4.9,14.4,1.2,1.3,9.7,19.6,3.7,2.0,5.7,0.09,0.4,-0.9,-0.5,1.2,,bridgmi01,mikal bridges,24900000.0,False
136,Mike Conley,37,MIN,PG,71,64,1756,13.3,0.573,0.662,0.192,2.1,9.3,5.7,24.5,2.2,0.7,12.9,14.4,3.0,2.2,5.2,0.142,-0.1,1.3,1.2,1.4,,conlemi01,mike conley,10774038.0,False
87,Miles Bridges,26,CHO,PF,64,64,2029,17.7,0.541,0.413,0.233,3.7,21.9,12.6,21.7,1.1,2.2,10.2,28.0,1.3,1.8,3.2,0.075,2.3,-0.5,1.8,2.0,,bridgmi02,miles bridges,25000000.0,False
162,Miles McBride,24,NYK,PG,64,10,1593,12.6,0.531,0.57,0.117,3.4,8.1,5.8,15.6,2.1,1.0,6.7,16.8,1.8,1.4,3.2,0.098,-0.4,0.4,0.0,0.8,,mcbrimi01,miles mcbride,4333333.0,False
533,Miles Norris,24,BOS,PF,3,0,35,8.5,0.354,0.778,0.222,6.2,21.7,14.0,0.0,2.9,2.6,0.0,12.4,0.0,0.1,0.0,0.049,-2.3,0.4,-1.9,0.0,,norrimi01,miles norris,600000.0,True
432,Mitchell Robinson,26,NYK,C,17,3,290,20.4,0.676,0.0,0.339,20.8,19.2,20.0,5.9,2.7,5.8,13.4,11.1,0.8,0.5,1.3,0.221,1.5,1.8,3.3,0.4,,robinmi01,mitchell robinson,12954546.0,False
396,Mo Bamba,26,2TM,C,32,2,413,13.9,0.557,0.482,0.241,8.8,30.5,19.7,6.0,1.1,7.4,13.9,15.2,0.2,0.8,1.0,0.117,-2.7,1.9,-0.9,0.1,,bambamo01,mo bamba,1200000.0,True
357,Monte Morris,29,PHO,PG,45,0,571,13.1,0.546,0.441,0.215,2.4,10.5,6.5,18.1,1.7,0.5,9.0,18.1,0.6,0.2,0.8,0.064,-1.0,-0.8,-1.8,0.0,,morrimo01,monte morris,1200000.0,True
358,Moritz Wagner,27,ORL,C,30,1,564,22.3,0.649,0.301,0.442,7.7,23.1,15.0,13.7,2.1,2.0,14.1,26.8,1.0,1.0,2.0,0.174,2.6,1.4,4.0,0.9,,wagnemo01,moritz wagner,5000000.0,False
485,Moses Brown,25,2TM,C,13,2,119,22.4,0.706,0.0,0.224,11.3,29.0,20.3,2.9,2.4,2.9,17.0,23.5,0.2,0.2,0.4,0.146,-0.3,0.5,0.1,0.1,,brownmo01,moses brown,600000.0,True
156,Moses Moody,22,GSW,SG,74,34,1649,12.4,0.578,0.593,0.234,3.3,9.2,6.2,8.3,1.7,1.8,7.9,17.4,1.7,1.8,3.5,0.102,-0.9,0.0,-0.9,0.5,,moodymo01,moses moody,11574075.0,False
365,Mouhamed Gueye,22,ATL,PF,33,28,533,14.4,0.52,0.474,0.246,8.8,20.0,14.3,6.6,2.5,5.7,7.3,15.7,0.4,0.8,1.2,0.106,-1.6,1.0,-0.6,0.2,,gueyemo02,mouhamed gueye,2221677.0,False
226,Moussa Diabaté,23,CHO,C,71,8,1241,16.5,0.609,0.021,0.414,15.7,22.0,18.8,6.8,1.8,3.2,15.6,13.4,1.8,1.5,3.2,0.125,-1.4,-0.4,-1.9,0.0,,diabamo01,moussa diabate,2270735.0,False
62,Myles Turner,28,IND,C,72,72,2174,16.1,0.612,0.486,0.293,4.7,19.4,12.1,7.1,1.2,6.0,11.8,20.7,1.8,2.9,4.7,0.104,0.0,0.4,0.4,1.3,,turnemy01,myles turner,1200000.0,True
515,Nae'Qwan Tomlin,24,CLE,PF,5,1,63,14.4,0.489,0.313,0.344,15.9,20.1,18.1,4.4,0.0,1.4,5.1,26.1,0.1,0.1,0.1,0.093,-3.0,-2.4,-5.5,-0.1,,tomlina01,naeqwan tomlin,600000.0,True
103,Naji Marshall,27,DAL,SF,69,31,1919,15.1,0.584,0.306,0.225,4.4,14.0,9.3,15.8,1.8,0.5,12.5,20.0,2.0,1.5,3.5,0.087,-0.3,-0.5,-0.8,0.6,,marshna01,naji marshall,9000000.0,False
60,Naz Reid,25,MIN,C,80,17,2200,15.8,0.577,0.501,0.155,4.7,19.3,12.1,12.6,1.3,3.0,9.9,21.5,2.4,3.3,5.7,0.125,0.8,0.8,1.6,2.0,6MOY-5,reidna01,naz reid,1200000.0,True
292,Neemias Queta,25,BOS,C,62,6,863,16.3,0.674,0.015,0.3,11.2,18.5,14.9,7.4,1.0,4.5,14.8,13.7,1.8,1.4,3.2,0.179,-1.7,1.0,-0.7,0.3,,quetane01,neemias queta,2349578.0,False
523,N'Faly Dante,23,HOU,C,4,0,51,24.0,0.789,0.0,0.385,12.3,32.0,21.9,5.7,1.0,8.8,11.6,13.9,0.2,0.1,0.3,0.283,0.7,1.7,2.4,0.1,,nfalyda01,nfaly dante,600000.0,True
109,Nic Claxton,25,BRK,C,70,62,1882,16.5,0.569,0.037,0.271,9.0,22.7,15.5,13.7,1.6,5.3,12.0,16.8,1.8,2.5,4.3,0.11,-1.1,1.5,0.4,1.1,,claxtni01,nic claxton,25352272.0,False
221,Nick Richards,27,2TM,C,57,43,1256,16.6,0.634,0.006,0.461,13.1,27.5,20.4,5.9,0.5,4.2,16.3,17.3,1.8,1.2,3.0,0.114,-2.0,-1.3,-3.3,-0.4,,richani01,nick richards,5000000.0,False
199,Nick Smith Jr.,20,CHO,SG,60,27,1369,8.3,0.502,0.539,0.081,1.0,9.1,5.0,16.7,0.6,0.4,12.2,20.8,-0.9,0.3,-0.5,-0.019,-3.2,-2.6,-5.7,-1.3,,smithni01,nick smith jr,2710680.0,False
80,Nickeil Alexander-Walker,26,MIN,SG,82,10,2073,11.6,0.579,0.601,0.192,2.9,11.1,7.1,15.0,1.2,1.5,12.9,16.0,2.0,2.3,4.3,0.099,-0.8,0.4,-0.4,0.8,6MOY-6,alexani01,nickeil alexanderwalker,1200000.0,True
201,Nicolas Batum,36,LAC,PF,78,8,1367,10.3,0.633,0.853,0.088,4.0,14.0,9.0,7.8,1.9,2.6,12.1,9.0,1.5,2.0,3.5,0.124,-1.2,2.0,0.8,1.0,,batumni01,nicolas batum,1200000.0,True
22,Nikola Jokić,29,DEN,C,70,70,2571,32.0,0.663,0.243,0.331,9.0,28.2,19.1,44.1,2.4,1.6,12.8,29.5,12.7,3.8,16.4,0.307,9.9,3.3,13.3,9.8,MVP-2CPOY-2ASNBA1,jokicni01,nikola jokic,55224526.0,False
243,Nikola Jović,21,MIA,PF,46,10,1156,13.8,0.595,0.557,0.231,2.5,14.6,8.6,16.6,1.6,1.1,12.6,18.3,1.2,1.3,2.5,0.104,-0.3,0.6,0.3,0.7,,jovicni01,nikola jovic,4445417.0,False
47,Nikola Vučević,34,CHI,C,73,72,2278,20.3,0.611,0.309,0.144,8.3,25.2,16.9,17.1,1.2,2.0,9.7,22.4,4.7,2.6,7.3,0.153,2.5,0.1,2.6,2.7,,vucevni01,nikola vucevic,21481481.0,False
265,Noah Clowney,20,BRK,PF,46,20,1042,9.2,0.516,0.702,0.215,4.5,15.8,9.9,5.9,1.1,2.0,10.2,19.0,-0.3,0.8,0.5,0.023,-3.1,-1.0,-4.1,-0.5,,clownno01,noah clowney,3398640.0,False
96,Norman Powell,31,LAC,SG,60,60,1958,17.5,0.615,0.453,0.28,1.2,9.6,5.5,10.2,1.8,0.5,9.2,26.1,2.9,2.3,5.3,0.129,1.7,-0.2,1.5,1.8,,powelno01,norman powell,20482758.0,False
167,Obi Toppin,26,IND,PF,79,4,1545,17.4,0.642,0.503,0.19,4.1,18.7,11.5,11.9,1.4,1.6,9.5,20.1,2.7,1.6,4.3,0.135,1.8,-0.1,1.7,1.4,,toppiob01,obi toppin,14000000.0,False
142,Ochai Agbaji,24,TOR,SG,64,45,1739,12.0,0.601,0.474,0.09,3.7,11.4,7.5,7.9,1.6,1.6,8.9,14.6,1.6,1.5,3.1,0.087,-0.9,0.2,-0.7,0.5,,agbajoc01,ochai agbaji,6383525.0,False
9,OG Anunoby,27,NYK,PF,74,74,2706,15.4,0.591,0.448,0.22,4.2,11.0,7.6,8.5,2.0,2.2,8.3,19.7,3.7,2.8,6.5,0.116,0.7,0.1,0.7,1.9,,anunoog01,og anunoby,39568966.0,False
354,Olivier-Maxence Prosper,22,DAL,PF,52,4,584,12.6,0.484,0.293,0.437,8.4,15.0,11.8,9.1,2.2,0.9,6.3,16.3,0.3,0.5,0.9,0.072,-1.6,-0.5,-2.1,0.0,,prospol01,oliviermaxence prosper,3007080.0,False
82,Onyeka Okongwu,24,ATL,C,74,40,2064,19.0,0.634,0.216,0.316,11.4,24.0,17.5,11.4,1.6,3.0,10.4,17.3,4.9,2.3,7.2,0.168,1.2,0.2,1.3,1.7,,okongon01,onyeka okongwu,15000000.0,False
314,Orlando Robinson,24,2TM,C,44,8,770,12.9,0.519,0.199,0.268,12.1,18.7,15.4,14.0,1.1,2.0,14.4,18.5,0.4,0.8,1.2,0.072,-3.0,-0.4,-3.4,-0.3,,robinor01,orlando robinson,1200000.0,True
438,Oscar Tshiebwe,25,UTA,C,14,1,255,21.0,0.64,0.0,0.443,19.6,31.9,25.8,5.3,2.4,0.4,10.7,15.3,0.7,0.3,1.0,0.182,0.6,-2.0,-1.4,0.0,,tshieos01,oscar tshiebwe,1200000.0,True
475,Oshae Brissett,26,PHI,SF,6,2,142,9.8,0.576,0.462,0.359,5.4,12.5,8.8,4.1,1.4,2.1,15.0,16.3,0.0,0.1,0.1,0.019,-3.7,-2.6,-6.3,-0.1,,brissos01,oshae brissett,600000.0,True
262,Oso Ighodaro,22,PHO,PF,61,6,1045,11.1,0.61,0.011,0.267,7.2,16.2,11.9,9.1,1.3,2.6,15.7,10.5,1.1,0.6,1.6,0.075,-2.9,0.3,-2.6,-0.2,,ighodos01,oso ighodaro,1955377.0,False
399,Ousmane Dieng,21,OKC,C,37,1,405,11.5,0.538,0.568,0.128,4.9,16.3,10.7,9.6,2.0,1.7,12.0,15.7,0.1,0.7,0.9,0.104,-2.0,1.1,-0.9,0.1,,diengou01,ousmane dieng,6670882.0,False
492,Pacome Dadiet,19,NYK,SG,18,0,111,6.3,0.446,0.613,0.194,3.1,15.4,9.3,5.6,1.3,1.7,10.6,14.7,-0.1,0.1,0.0,0.002,-4.9,-1.5,-6.5,-0.1,,dadiepa01,pacome dadiet,2847600.0,False
165,Paolo Banchero,22,ORL,PF,46,46,1582,20.0,0.551,0.299,0.423,3.5,22.4,12.5,26.0,1.1,1.7,11.2,33.6,1.1,2.4,3.5,0.106,3.4,0.2,3.5,2.2,,banchpa01,paolo banchero,15334769.0,False
25,Pascal Siakam,30,IND,PF,78,78,2548,19.2,0.599,0.274,0.261,5.9,17.6,11.8,15.7,1.3,1.5,7.6,24.2,5.0,2.5,7.5,0.142,2.2,-0.5,1.7,2.4,AS,siakapa01,pascal siakam,45550512.0,False
348,Pat Connaughton,32,MIL,SG,41,1,603,12.1,0.567,0.458,0.175,3.6,15.6,9.8,15.8,0.7,1.7,11.2,15.6,0.6,0.6,1.2,0.093,-1.4,-0.8,-2.3,0.0,,connapa01,pat connaughton,9423869.0,False
443,Pat Spencer,28,GSW,PG,39,0,250,12.6,0.455,0.218,0.149,6.3,13.7,9.9,28.1,2.7,1.1,14.3,21.2,-0.1,0.4,0.3,0.055,-3.0,1.4,-1.6,0.0,,spencpa01,pat spencer,1200000.0,True
493,Patrick Baldwin Jr.,22,2TM,SF,24,0,107,16.2,0.721,0.657,0.114,4.8,19.7,12.3,4.6,1.3,1.7,12.0,16.4,0.1,0.1,0.2,0.098,2.4,-0.9,1.5,0.1,,baldwpa01,patrick baldwin jr,600000.0,True
166,Patrick Williams,23,CHI,PF,63,36,1576,9.0,0.512,0.527,0.161,2.9,12.7,7.9,10.3,1.4,1.8,13.5,16.9,-0.9,1.3,0.4,0.012,-3.0,-0.7,-3.7,-0.7,,willipa01,patrick williams,18000000.0,False
424,Patty Mills,36,2TM,PG,29,0,321,8.4,0.543,0.781,0.146,1.4,6.0,3.7,11.1,1.9,0.9,14.3,15.6,0.0,0.1,0.1,0.017,-3.2,0.0,-3.2,-0.1,,millspa02,patty mills,1200000.0,True
209,Paul George,34,PHI,PF,41,41,1334,14.5,0.543,0.47,0.17,2.0,17.2,9.3,20.9,2.8,1.5,14.7,23.5,-0.2,1.2,1.0,0.036,-0.5,0.1,-0.4,0.5,,georgpa01,paul george,51666090.0,False
391,Paul Reed,25,DET,C,45,0,438,18.6,0.573,0.197,0.296,10.2,20.8,15.6,14.0,4.3,5.4,13.9,18.0,0.6,1.0,1.6,0.173,-1.2,4.0,2.9,0.5,,reedpa01,paul reed,1200000.0,True
48,Payton Pritchard,27,BOS,PG,80,3,2271,17.6,0.633,0.723,0.097,4.9,9.8,7.3,18.1,1.5,0.6,8.4,19.0,6.1,2.5,8.6,0.183,3.4,0.2,3.5,3.2,6MOY-1,pritcpa01,payton pritchard,7232143.0,False
310,Pelle Larsson,23,MIA,SG,55,8,782,10.2,0.546,0.468,0.3,4.0,9.0,6.5,11.6,2.0,0.9,9.5,14.4,0.6,0.8,1.4,0.086,-3.8,0.7,-3.1,-0.2,,larsspe01,pelle larsson,1955377.0,False
477,Pete Nance,24,2TM,C,13,1,138,8.5,0.578,0.75,0.063,4.0,12.9,8.4,9.7,0.7,1.4,10.8,11.7,0.1,0.1,0.2,0.064,-3.1,-1.7,-4.9,-0.1,,nancepe01,pete nance,600000.0,True
155,Peyton Watson,22,DEN,SF,68,18,1656,11.4,0.564,0.318,0.32,3.3,11.8,7.7,7.0,1.4,5.0,10.3,13.9,1.0,1.5,2.5,0.073,-2.1,0.3,-1.8,0.1,,watsope01,peyton watson,4356476.0,False
526,Phillip Wheeler,22,PHI,PF,5,0,44,-2.3,0.183,0.476,0.095,4.9,16.1,10.3,6.0,1.1,4.5,4.4,22.6,-0.3,0.0,-0.3,-0.283,-12.0,-6.2,-18.2,-0.2,,wheelph02,phillip wheeler,600000.0,True
531,PJ Dozier,28,MIN,SG,9,0,35,9.5,0.621,1.0,2.0,3.2,12.5,7.9,18.1,1.4,0.0,15.1,8.2,0.0,0.0,0.1,0.107,-2.0,2.7,0.7,0.0,,doziepj01,pj dozier,600000.0,True
514,PJ Hall,22,DEN,C,19,0,66,18.3,0.641,0.333,0.167,10.5,25.4,18.3,8.4,0.0,5.4,7.2,17.8,0.2,0.1,0.2,0.168,-0.7,-0.6,-1.3,0.0,,hallpj01,pj hall,600000.0,True
518,P.J. Tucker,39,NYK,SF,3,1,58,5.5,0.643,0.857,0.0,8.0,7.8,7.9,0.0,0.9,1.6,12.5,6.0,0.0,0.0,0.1,0.07,-4.8,-2.4,-7.2,-0.1,,tuckepj01,pj tucker,3468960.0,False
122,P.J. Washington,26,DAL,PF,57,56,1835,14.0,0.556,0.359,0.298,5.0,20.9,13.1,10.1,1.7,2.8,13.6,20.4,0.3,2.1,2.4,0.062,-1.1,0.2,-0.9,0.5,,washipj01,pj washington,14152174.0,False
242,Precious Achiuwa,25,NYK,C,57,10,1170,13.6,0.53,0.11,0.211,10.0,21.0,15.5,6.2,2.0,3.3,11.2,14.9,0.7,1.7,2.3,0.095,-2.1,0.2,-1.9,0.0,,achiupr01,precious achiuwa,1200000.0,True
90,Quentin Grimes,24,2TM,SG,75,37,2013,15.9,0.595,0.512,0.26,3.2,14.7,8.9,17.7,1.8,1.0,13.3,22.8,2.0,1.4,3.4,0.081,1.3,-0.9,0.4,1.2,,grimequ01,quentin grimes,1200000.0,True
408,Quenton Jackson,26,IND,PG,28,7,381,14.7,0.58,0.328,0.328,4.1,8.7,6.4,18.6,2.6,1.2,10.3,17.7,0.6,0.4,1.0,0.126,-1.2,0.8,-0.3,0.2,,jacksqu01,quenton jackson,1200000.0,True
559,Quincy Olivari,23,LAL,PG,2,0,10,-5.2,0.3,1.0,0.0,0.0,0.0,0.0,13.3,0.0,0.0,16.7,26.3,-0.1,0.0,-0.1,-0.3,-10.1,-8.5,-18.6,0.0,,olivaqu01,quincy olivari,600000.0,True
328,Quinten Post,24,GSW,PF,42,14,686,14.2,0.595,0.653,0.099,5.3,18.3,11.6,12.2,1.1,2.5,10.3,19.6,0.8,0.9,1.7,0.116,0.1,0.0,0.1,0.4,,postqu01,quinten post,1955377.0,False
387,Rayan Rupert,20,POR,SG,52,0,460,8.1,0.499,0.415,0.211,6.0,10.6,8.2,7.6,1.7,0.8,16.2,16.8,-0.3,0.4,0.1,0.007,-4.1,-0.6,-4.7,-0.3,,ruperra01,rayan rupert,2221677.0,False
510,RayJ Dennis,23,IND,PG,11,0,70,13.9,0.443,0.636,0.061,3.2,15.8,9.6,26.9,4.8,2.6,12.9,24.0,-0.1,0.1,0.1,0.036,-2.2,3.0,0.7,0.0,,dennira01,rayj dennis,600000.0,True
383,Reece Beekman,23,2TM,PG,36,4,469,7.5,0.4,0.374,0.196,3.0,6.6,4.7,19.1,3.5,0.4,15.3,12.8,-0.4,0.5,0.1,0.01,-6.7,1.3,-5.4,-0.4,,beekmre01,reece beekman,1200000.0,True
336,Reed Sheppard,20,HOU,PG,52,3,654,9.7,0.465,0.594,0.067,2.6,10.3,6.4,15.2,2.6,2.3,13.1,17.8,-0.3,1.0,0.8,0.055,-3.0,1.3,-1.7,0.1,,sheppre01,reed sheppard,10603560.0,False
406,Reggie Jackson,34,PHI,PG,31,1,384,9.8,0.496,0.556,0.068,2.3,10.4,6.2,17.1,2.1,0.8,11.0,17.5,0.0,0.2,0.1,0.015,-3.2,-0.8,-4.0,-0.2,,jacksre01,reggie jackson,1200000.0,True
364,Richaun Holmes,31,WAS,PF,31,7,534,19.8,0.695,0.022,0.432,12.0,22.5,17.2,12.1,0.8,3.9,11.3,14.7,1.6,0.4,2.0,0.178,1.2,0.0,1.1,0.4,,holmeri01,richaun holmes,1200000.0,True
223,Ricky Council IV,23,PHI,SF,73,12,1250,11.6,0.502,0.46,0.33,4.4,15.4,9.7,11.4,1.3,1.0,8.9,20.3,0.1,0.5,0.6,0.023,-2.0,-2.3,-4.3,-0.7,,councri01,ricky council iv,2221677.0,False
562,Riley Minix,24,SAS,SF,1,0,7,-1.7,0.0,1.0,0.0,0.0,30.7,15.3,0.0,0.0,0.0,0.0,6.1,0.0,0.0,0.0,-0.114,-8.5,-3.3,-11.8,0.0,,minixri01,riley minix,600000.0,True
114,RJ Barrett,24,TOR,SF,58,58,1869,16.5,0.547,0.312,0.317,3.4,17.9,10.5,27.3,1.2,0.9,12.9,28.7,0.6,1.7,2.4,0.061,1.2,-0.7,0.6,1.2,,barrerj01,rj barrett,27705357.0,False
368,Rob Dillingham,20,MIN,PG,49,1,516,10.2,0.503,0.351,0.071,2.6,8.0,5.4,28.4,1.9,0.2,19.6,22.7,-0.4,0.6,0.1,0.012,-3.3,-0.9,-4.2,-0.3,,dilliro01,rob dillingham,6576120.0,False
416,Robert Williams,27,POR,C,20,3,351,18.9,0.679,0.038,0.218,10.5,26.3,18.2,8.6,1.8,8.5,16.6,12.2,0.6,0.7,1.3,0.175,-0.1,3.2,3.0,0.4,,williro04,robert williams,13285713.0,False
550,Ron Harper Jr.,24,DET,SF,1,0,17,7.9,0.225,0.75,0.25,26.3,19.4,22.8,14.3,0.0,0.0,0.0,22.0,0.0,0.0,0.0,-0.06,-5.5,-9.2,-14.7,0.0,,harpero02,ron harper jr,600000.0,True
219,Ron Holland,19,DET,SF,81,2,1266,11.1,0.556,0.363,0.293,3.5,15.5,9.5,8.9,1.9,1.3,13.3,18.1,0.2,1.5,1.8,0.067,-3.3,0.3,-3.0,-0.3,,hollaro01,ron holland,8657280.0,False
121,Royce O'Neale,31,PHO,SF,75,22,1837,12.6,0.585,0.774,0.046,3.3,17.5,10.6,12.3,1.8,1.7,10.1,15.5,1.6,1.2,2.8,0.073,0.2,-0.1,0.1,1.0,,onealro01,royce oneale,10125000.0,False
37,Rudy Gobert,32,MIN,C,72,72,2388,18.3,0.687,0.0,0.535,12.5,23.8,18.2,7.5,1.2,4.1,12.4,13.0,6.1,4.0,10.1,0.204,0.6,1.3,1.9,2.4,DPOY-13DEF2,goberru01,rudy gobert,35000000.0,False
113,Rui Hachimura,26,LAL,PF,59,57,1869,13.6,0.619,0.429,0.196,4.9,12.6,8.9,6.4,1.2,1.3,7.3,15.8,2.8,1.5,4.3,0.11,-0.1,-0.6,-0.7,0.6,,hachiru01,rui hachimura,18259259.0,False
78,Russell Westbrook,36,DEN,PG,75,36,2092,14.3,0.532,0.35,0.28,5.6,13.4,9.7,28.8,2.4,1.6,20.6,23.8,-0.1,2.1,1.9,0.045,-0.9,-0.2,-1.1,0.5,6MOY-7,westbru01,russell westbrook,3468960.0,False
194,Ryan Dunn,22,PHO,SF,74,44,1410,10.7,0.517,0.553,0.082,7.5,13.5,10.6,5.7,1.5,2.7,7.5,16.7,0.2,0.7,1.0,0.034,-2.9,-1.2,-4.1,-0.7,,dunnry01,ryan dunn,2657760.0,False
302,Ryan Rollins,22,MIL,PG,56,19,820,14.0,0.6,0.443,0.166,2.9,11.1,7.2,17.8,2.5,1.9,15.4,18.4,0.7,1.0,1.7,0.101,-1.4,0.9,-0.5,0.3,,rolliry01,ryan rollins,1200000.0,True
169,Sam Hauser,27,BOS,PF,71,19,1541,12.8,0.632,0.842,0.023,3.1,12.7,7.9,5.8,1.3,0.8,4.6,14.3,2.6,1.8,4.4,0.136,0.9,-0.1,0.8,1.1,,hausesa01,sam hauser,10044644.0,False
195,Sam Merrill,28,CLE,SG,71,4,1401,11.1,0.583,0.868,0.068,3.0,8.9,6.1,9.6,1.8,0.9,7.4,14.3,1.8,1.5,3.3,0.113,-0.4,0.7,0.3,0.8,,merrisa01,sam merrill,1200000.0,True
330,Sandro Mamukelashvili,25,SAS,PF,61,0,681,19.7,0.628,0.573,0.206,9.7,19.7,14.7,10.7,1.6,2.3,7.8,20.8,1.6,0.6,2.2,0.152,3.3,-1.0,2.3,0.7,,mamuksa01,sandro mamukelashvili,1200000.0,True
151,Santi Aldama,24,MEM,PF,65,16,1660,16.8,0.588,0.503,0.145,6.1,20.3,13.3,15.2,1.5,1.6,9.3,18.5,2.9,2.0,5.0,0.144,2.5,0.7,3.2,2.2,,aldamsa01,santi aldama,1200000.0,True
133,Scoot Henderson,20,POR,PG,66,10,1759,12.5,0.54,0.434,0.301,3.1,9.2,6.1,28.1,1.9,0.7,18.6,22.5,0.4,1.4,1.8,0.049,-1.4,-0.8,-2.2,-0.1,,hendesc01,scoot henderson,10748040.0,False
71,Scottie Barnes,23,TOR,PF,65,65,2134,17.8,0.523,0.263,0.284,5.3,20.2,12.6,27.7,2.1,2.8,13.4,27.0,0.6,2.9,3.5,0.078,1.5,0.9,2.4,2.3,,barnesc01,scottie barnes,38661750.0,False
149,Scotty Pippen Jr.,24,MEM,PG,79,21,1683,15.8,0.582,0.369,0.288,4.1,12.1,8.1,27.1,2.8,1.6,17.1,19.3,2.4,2.3,4.7,0.133,0.0,1.8,1.9,1.7,,pippesc02,scotty pippen jr,2270735.0,False
259,Seth Curry,34,CHO,SG,68,14,1062,12.2,0.616,0.531,0.114,2.4,9.1,5.7,8.8,1.3,0.6,8.2,15.7,1.3,0.5,1.8,0.08,-0.8,-0.9,-1.7,0.1,,curryse01,seth curry,1200000.0,True
50,Shaedon Sharpe,21,POR,SG,72,52,2252,14.5,0.551,0.428,0.219,3.2,12.7,7.8,14.2,1.3,0.6,11.0,25.1,1.3,1.7,3.0,0.064,0.0,-1.3,-1.3,0.4,,sharpsh01,shaedon sharpe,8399983.0,False
18,Shai Gilgeous-Alexander,26,OKC,PG,76,76,2598,30.7,0.637,0.263,0.404,2.8,12.6,7.8,31.3,2.4,3.0,8.6,34.8,11.9,4.8,16.7,0.309,8.9,2.6,11.5,8.9,MVP-1DPOY-10CPOY-8ASNBA1,gilgesh01,shai gilgeousalexander,38333050.0,False
298,Shake Milton,28,2TM,SG,57,2,837,11.9,0.563,0.417,0.232,4.2,9.9,7.0,18.3,1.5,0.5,12.5,16.7,0.8,0.5,1.3,0.077,-1.7,-0.5,-2.2,0.0,,miltosh01,shake milton,3000000.0,False
489,Sidy Cissoko,20,2TM,SF,22,0,114,6.7,0.471,0.433,0.3,7.4,12.4,9.9,17.7,0.9,0.8,24.5,16.6,-0.2,0.1,-0.1,-0.045,-4.8,-0.3,-5.1,-0.1,,cissosi01,sidy cissoko,600000.0,True
228,Simone Fontecchio,29,DET,SF,75,0,1237,9.7,0.544,0.609,0.225,4.7,14.5,9.6,6.9,1.2,0.9,11.6,15.8,0.4,1.2,1.6,0.063,-2.2,-0.7,-2.9,-0.3,,fontesi01,simone fontecchio,8307692.0,False
555,Skal Labissière,28,SAC,PF,4,0,12,15.9,0.625,0.25,0.0,9.3,18.7,14.0,11.6,0.0,0.0,0.0,14.3,0.0,0.0,0.0,0.165,3.3,-1.3,2.1,0.0,,labissk01,skal labissiere,600000.0,True
70,Spencer Dinwiddie,31,DAL,PG,79,30,2136,13.0,0.553,0.478,0.356,0.9,9.5,5.3,22.1,1.6,0.7,11.4,17.9,2.4,1.2,3.7,0.082,-0.9,-0.7,-1.6,0.2,,dinwisp01,spencer dinwiddie,1200000.0,True
481,Spencer Jones,23,DEN,SF,20,0,125,4.5,0.368,0.5,0.088,7.4,7.5,7.5,4.7,1.9,3.6,12.4,13.7,-0.2,0.1,-0.1,-0.031,-7.7,-0.8,-8.5,-0.2,,jonessp01,spencer jones,600000.0,True
501,Stanley Umude,25,MIL,SG,22,0,86,3.4,0.27,0.577,0.154,5.3,15.8,10.7,5.7,1.7,6.5,9.8,15.7,-0.3,0.1,-0.2,-0.086,-7.5,-0.7,-8.1,-0.1,,umudest01,stanley umude,600000.0,True
51,Stephen Curry,36,GSW,PG,70,70,2252,21.5,0.618,0.623,0.238,1.9,13.3,7.4,31.3,1.7,1.3,12.6,29.8,5.2,2.7,7.9,0.168,6.4,0.0,6.3,4.8,MVP-9CPOY-5ASNBA2,curryst01,stephen curry,59606817.0,False
65,Stephon Castle,20,SAS,PG,81,47,2162,13.7,0.522,0.337,0.348,4.4,10.3,7.4,22.8,1.7,0.9,13.4,26.0,0.1,1.0,1.1,0.025,-1.5,-1.7,-3.2,-0.6,ROY-1,castlst01,stephon castle,9560520.0,False
304,Steven Adams,31,HOU,C,58,3,794,16.6,0.541,0.012,0.557,21.8,22.0,21.9,10.9,1.3,3.2,20.6,13.6,1.0,1.3,2.3,0.137,0.0,0.3,0.3,0.5,,adamsst01,steven adams,1200000.0,True
318,Svi Mykhailiuk,27,UTA,SF,38,13,760,9.8,0.526,0.672,0.116,3.1,9.6,6.4,14.7,1.2,0.9,14.1,20.3,-0.2,0.1,-0.1,-0.009,-1.4,-2.1,-3.5,-0.3,,mykhasv01,svi mykhailiuk,3675000.0,False
398,Taj Gibson,39,CHO,C,37,11,409,10.8,0.515,0.021,0.211,13.0,18.4,15.6,7.5,1.1,4.3,19.4,13.4,0.0,0.4,0.4,0.043,-5.2,-0.1,-5.3,-0.3,,gibsota01,taj gibson,1200000.0,True
323,Talen Horton-Tucker,24,CHI,SG,58,0,724,13.8,0.567,0.419,0.337,2.8,11.5,7.2,16.1,1.4,1.3,10.7,21.6,0.6,0.5,1.1,0.075,-1.4,-1.1,-2.4,-0.1,,hortota01,talen hortontucker,1200000.0,True
190,Tari Eason,23,HOU,PF,57,16,1420,18.5,0.567,0.329,0.186,9.4,17.9,13.6,8.5,3.3,3.2,9.7,19.4,2.1,2.9,5.0,0.169,1.0,2.6,3.6,2.0,,easonta01,tari eason,5675766.0,False
64,Taurean Prince,30,MIL,SF,80,73,2166,9.8,0.613,0.652,0.093,1.8,12.2,7.2,9.4,1.7,0.6,13.3,12.5,1.3,2.2,3.5,0.077,-2.0,0.3,-1.7,0.1,,princta02,taurean prince,1200000.0,True
507,Taylor Hendricks,21,UTA,PF,3,3,75,7.1,0.354,0.667,0.222,7.2,14.3,10.8,3.4,3.2,5.0,9.2,12.1,-0.1,0.1,0.0,-0.008,-4.8,1.3,-3.5,0.0,,hendrta01,taylor hendricks,6127080.0,False
549,Taze Moore,26,POR,SG,2,0,20,7.1,0.276,0.4,0.2,21.1,22.3,21.7,6.8,4.9,0.0,15.5,26.8,-0.1,0.0,-0.1,-0.15,-3.9,-0.4,-4.3,0.0,,mooreta02,taze moore,600000.0,True
193,Terance Mann,28,2TM,SG,67,13,1414,12.0,0.584,0.395,0.165,5.3,10.4,7.8,11.7,1.6,1.0,9.6,14.7,1.7,1.3,3.0,0.101,-1.4,0.0,-1.3,0.2,,mannte01,terance mann,15500000.0,False
560,Terence Davis,27,SAC,SG,1,0,8,-4.0,0.0,0.5,0.0,0.0,14.0,7.0,14.1,0.0,0.0,0.0,10.8,0.0,0.0,0.0,-0.191,-12.8,-4.1,-16.9,0.0,,daviste02,terence davis,2546675.0,False
419,Terrence Shannon Jr.,24,MIN,SG,32,1,339,11.9,0.56,0.272,0.184,3.3,11.9,7.7,13.8,1.0,1.4,10.9,17.7,0.3,0.4,0.6,0.091,-2.1,0.0,-2.1,0.0,,shannte01,terrence shannon jr,2674080.0,False
154,Terry Rozier,30,MIA,PG,64,23,1658,10.5,0.497,0.485,0.17,3.0,12.8,7.9,14.8,1.1,0.8,10.3,20.4,-0.5,1.5,1.0,0.029,-2.6,-1.0,-3.7,-0.7,,roziete01,terry rozier,26643031.0,False
564,Terry Taylor,25,SAC,PF,3,0,6,9.8,0.0,0.0,0.0,18.6,0.0,9.3,37.6,0.0,0.0,0.0,7.2,0.0,0.0,0.0,0.049,3.2,0.1,3.3,0.0,,taylote01,terry taylor,600000.0,True
276,Thomas Bryant,27,2TM,C,66,8,963,17.2,0.614,0.461,0.199,9.7,19.2,14.5,7.6,1.4,3.9,7.9,17.1,1.8,1.2,3.1,0.152,0.7,0.0,0.6,0.6,,bryanth01,thomas bryant,1200000.0,True
224,Tidjane Salaün,19,CHO,PF,60,10,1244,7.7,0.457,0.594,0.272,5.9,18.4,12.0,8.5,1.1,1.1,13.1,15.2,-0.9,0.9,0.0,0.002,-4.3,-0.8,-5.2,-1.0,,salauti01,tidjane salaun,7863240.0,False
68,Tim Hardaway Jr.,32,DET,SG,77,77,2153,9.8,0.567,0.672,0.213,0.9,8.4,4.7,7.6,0.8,0.3,6.1,15.5,2.1,1.4,3.5,0.077,-1.1,-0.9,-2.1,0.0,,hardati02,tim hardaway jr,1200000.0,True
192,T.J. McConnell,32,IND,PG,79,1,1415,18.4,0.547,0.079,0.123,3.5,11.6,7.6,37.0,2.8,1.3,14.2,23.4,1.5,1.7,3.2,0.109,0.6,0.6,1.2,1.2,,mccontj01,tj mcconnell,10200000.0,False
38,Tobias Harris,32,DET,PF,73,73,2305,13.9,0.571,0.328,0.206,3.1,17.5,10.4,9.8,1.5,2.4,8.8,17.6,2.3,2.9,5.2,0.108,-0.5,0.6,0.1,1.2,,harrito02,tobias harris,26634146.0,False
546,Tolu Smith,24,DET,PF,1,0,22,19.5,0.678,0.0,0.333,20.3,20.0,20.1,0.0,0.0,0.0,16.2,23.6,0.0,0.0,0.1,0.128,-2.4,-6.5,-8.9,0.0,,smithto05,tolu smith,600000.0,True
490,Tony Bradley,27,IND,C,14,0,113,23.2,0.64,0.067,0.133,17.9,23.5,20.7,8.3,0.9,7.2,9.5,20.1,0.3,0.2,0.4,0.187,1.5,-0.3,1.2,0.1,,bradlto01,tony bradley,2940876.0,False
427,Torrey Craig,34,2TM,SF,26,4,314,12.9,0.567,0.733,0.133,9.3,15.6,12.5,7.2,1.3,3.5,7.7,14.1,0.4,0.4,0.8,0.122,-1.0,0.1,-0.9,0.1,,craigto01,torrey craig,1200000.0,True
333,Tosan Evbuomwan,23,BRK,SF,28,0,665,11.6,0.53,0.35,0.332,5.2,15.8,10.2,12.9,1.8,1.5,13.4,19.1,0.0,0.6,0.6,0.044,-3.0,-0.3,-3.2,-0.2,,evbuoto01,tosan evbuomwan,1200000.0,True
24,Toumani Camara,24,POR,PF,78,78,2548,12.5,0.572,0.503,0.176,7.2,12.1,9.6,9.6,2.2,1.8,12.4,14.4,2.5,2.6,5.2,0.097,-0.9,0.8,-0.1,1.2,DPOY-9DEF2,camarto01,toumani camara,2221677.0,False
7,Trae Young,26,ATL,PG,76,76,2739,18.3,0.567,0.467,0.408,1.4,8.2,4.7,46.4,1.6,0.4,17.9,29.6,4.4,1.3,5.7,0.1,3.3,-2.7,0.5,1.7,CPOY-4AS,youngtr01,trae young,45999660.0,False
275,Trayce Jackson-Davis,24,GSW,C,62,37,967,18.5,0.587,0.01,0.338,13.2,21.7,17.3,16.1,1.2,3.7,11.5,17.1,1.9,1.4,3.4,0.167,0.3,0.9,1.2,0.8,,jackstr02,trayce jacksondavis,2221677.0,False
288,Tre Jones,25,2TM,PG,46,9,905,16.3,0.617,0.202,0.282,3.7,9.9,6.8,28.6,1.9,1.0,11.6,14.1,2.3,0.6,2.9,0.155,0.5,1.0,1.5,0.8,,jonestr01,tre jones,1200000.0,True
425,Tre Mann,23,CHO,PG,13,0,319,13.3,0.537,0.373,0.13,3.9,8.9,6.3,21.2,1.1,1.2,12.8,26.0,0.0,0.1,0.1,0.019,-0.6,-1.9,-2.4,0.0,,manntr01,tre mann,1200000.0,True
283,Trendon Watford,24,BRK,PF,44,6,913,13.0,0.557,0.251,0.349,4.4,16.0,9.9,21.0,1.5,1.3,17.1,23.3,0.0,0.8,0.7,0.038,-2.3,-0.8,-3.1,-0.3,,watfotr01,trendon watford,1200000.0,True
542,Trentyn Flowers,19,LAC,SF,6,0,27,4.3,0.446,0.182,0.273,4.3,12.4,8.4,0.0,0.0,0.0,7.5,21.5,0.0,0.0,0.0,-0.033,-7.1,-1.3,-8.3,0.0,,flowetr01,trentyn flowers,600000.0,True
393,Trevelin Queen,27,ORL,SG,31,2,430,11.9,0.486,0.524,0.143,6.6,7.9,7.2,13.3,3.6,2.2,12.3,18.1,-0.1,0.8,0.7,0.074,-2.6,2.3,-0.3,0.2,,queentr01,trevelin queen,1200000.0,True
487,Trey Alexander,21,DEN,SG,24,0,117,2.9,0.374,0.415,0.098,1.0,9.8,5.6,11.4,0.8,0.8,10.5,17.3,-0.2,0.0,-0.2,-0.077,-7.9,-1.8,-9.7,-0.2,,alexatr01,trey alexander,600000.0,True
405,Trey Jemison,25,2TM,C,38,0,392,8.9,0.537,0.0,0.446,12.4,17.1,14.8,5.5,1.1,3.6,21.3,12.4,0.0,0.3,0.3,0.037,-6.3,-0.5,-6.8,-0.5,,jemistr01,trey jemison,1200000.0,True
205,Trey Lyles,29,SAC,PF,69,5,1349,12.3,0.551,0.636,0.214,6.6,19.6,13.1,7.9,1.5,1.7,8.7,14.3,1.3,1.2,2.6,0.091,-0.4,-0.3,-0.7,0.4,,lylestr01,trey lyles,1200000.0,True
116,Trey Murphy III,24,NOP,SF,53,51,1854,17.3,0.598,0.522,0.274,2.7,13.2,7.8,15.9,1.5,2.0,9.9,23.7,3.0,0.5,3.5,0.091,2.1,-1.4,0.8,1.3,,murphtr02,trey murphy iii,25000000.0,False
157,Tristan Da Silva,23,ORL,SF,74,38,1629,9.9,0.522,0.495,0.13,4.9,12.7,8.6,10.3,1.0,1.1,9.9,15.2,0.5,1.9,2.5,0.073,-2.3,-0.3,-2.6,-0.3,,dasiltr01,tristan da silva,3809520.0,False
421,Tristan Thompson,33,CLE,C,40,0,328,9.1,0.41,0.042,0.423,10.9,32.7,22.1,8.8,0.3,3.0,14.3,12.7,-0.2,0.5,0.4,0.057,-4.9,0.3,-4.6,-0.2,,thomptr01,tristan thompson,1200000.0,True
371,Tristan Vukcevic,21,WAS,C,35,1,513,17.8,0.608,0.421,0.277,5.2,21.2,13.2,13.0,1.0,4.0,13.4,25.7,0.3,0.4,0.7,0.069,0.4,-0.9,-0.5,0.2,,vukcetr01,tristan vukcevic,1200000.0,True
553,Tristen Newton,23,2TM,SG,8,0,16,-6.1,0.178,0.375,0.125,14.1,13.6,13.9,15.4,3.1,0.0,19.2,28.2,-0.1,0.0,-0.1,-0.33,-16.7,-4.0,-20.7,-0.1,,newtotr01,tristen newton,600000.0,True
197,Ty Jerome,27,CLE,SG,70,3,1392,21.0,0.643,0.409,0.239,4.0,9.3,6.7,24.5,2.7,0.2,11.9,23.6,4.2,1.8,5.9,0.204,3.5,0.8,4.3,2.2,6MOY-3,jeromty01,ty jerome,1200000.0,True
8,Tyler Herro,25,MIA,SG,77,77,2725,19.7,0.605,0.486,0.237,1.4,14.6,8.1,26.2,1.3,0.6,11.5,28.0,4.7,2.7,7.4,0.131,3.8,-0.7,3.1,3.5,AS,herroty01,tyler herro,31000000.0,False
431,Tyler Kolek,23,NYK,PG,41,0,296,10.3,0.453,0.573,0.207,3.1,7.3,5.2,29.5,2.0,1.3,16.7,15.8,0.1,0.3,0.4,0.058,-2.6,-0.3,-2.8,-0.1,,kolekty01,tyler kolek,2191897.0,False
483,Tyler Smith,20,MIL,PF,23,0,122,15.2,0.626,0.6,0.16,5.6,16.3,11.1,4.9,1.2,3.1,13.0,22.1,0.1,0.1,0.2,0.083,0.4,-1.2,-0.9,0.0,,smithty02,tyler smith,1955377.0,False
30,Tyrese Haliburton,24,IND,PG,73,73,2451,21.8,0.616,0.559,0.221,1.9,9.7,5.9,38.9,2.1,1.8,9.8,21.6,8.1,2.3,10.4,0.204,5.7,0.2,5.8,4.9,NBA3,halibty01,tyrese haliburton,45550512.0,False
213,Tyrese Martin,25,BRK,SG,60,11,1315,10.9,0.533,0.606,0.125,4.8,14.6,9.5,14.6,1.3,0.7,13.1,18.8,0.0,0.9,0.9,0.033,-1.4,-1.2,-2.6,-0.2,,martity01,tyrese martin,2191897.0,False
95,Tyrese Maxey,24,PHI,PG,52,52,1960,19.5,0.562,0.438,0.265,0.8,9.6,5.0,28.0,2.3,1.1,9.2,29.8,2.9,1.0,3.8,0.094,3.2,-1.1,2.0,2.0,CPOY-10,maxeyty01,tyrese maxey,37958760.0,False
470,Tyson Etienne,25,BRK,PG,7,0,151,5.6,0.488,0.846,0.192,2.2,4.7,3.4,11.9,1.0,0.7,12.4,18.6,-0.1,0.1,-0.1,-0.021,-5.7,-3.1,-8.8,-0.3,,etienty01,tyson etienne,600000.0,True
486,TyTy Washington Jr.,23,PHO,PG,16,0,118,6.5,0.367,0.467,0.133,3.9,8.3,6.1,18.5,1.3,0.0,5.9,19.0,-0.2,0.0,-0.2,-0.065,-5.6,-2.5,-8.0,-0.2,,washity02,tyty washington jr,600000.0,True
61,Tyus Jones,28,PHO,PG,81,58,2174,14.5,0.585,0.587,0.083,2.1,7.8,5.0,27.7,1.6,0.3,11.4,16.2,4.0,0.3,4.4,0.096,1.4,-1.3,0.1,1.1,,jonesty01,tyus jones,1200000.0,True
538,Ulrich Chomche,19,TOR,PF,7,0,32,5.2,0.425,0.0,0.4,13.1,13.7,13.4,7.8,0.0,3.0,25.4,10.3,0.0,0.0,0.0,0.001,-6.1,-1.3,-7.4,0.0,,chomcul01,ulrich chomche,600000.0,True
308,Vasilije Micić,31,2TM,PG,41,16,785,6.5,0.462,0.458,0.15,2.7,9.6,6.0,24.3,0.9,0.0,20.9,19.9,-1.2,0.2,-1.0,-0.06,-4.6,-2.4,-7.0,-1.0,,micicva01,vasilije micic,8109150.0,False
172,Victor Wembanyama,21,SAS,C,46,46,1527,24.2,0.594,0.47,0.221,5.7,29.8,17.7,18.3,1.6,10.4,13.7,30.4,1.0,2.8,3.8,0.118,3.6,2.9,6.5,3.3,AS,wembavi01,victor wembanyama,13376880.0,False
376,Vince Williams Jr.,24,MEM,SG,27,5,499,9.2,0.504,0.569,0.144,4.7,15.9,10.4,13.8,1.1,1.3,15.7,17.0,-0.1,0.5,0.4,0.04,-2.5,-0.3,-2.8,-0.1,,willivi01,vince williams jr,2301587.0,False
245,Vit Krejci,24,ATL,PG,57,16,1153,12.7,0.661,0.705,0.154,2.0,13.1,7.4,16.5,1.5,2.1,13.8,12.9,1.8,0.8,2.6,0.11,0.0,0.7,0.7,0.8,,krejcvi01,vit krejci,2349578.0,False
478,Vlatko Čančar,27,DEN,PF,13,0,136,4.6,0.462,0.577,0.0,5.1,20.0,12.9,7.7,1.1,1.3,29.7,11.5,-0.2,0.1,-0.1,-0.034,-6.5,-0.6,-7.1,-0.2,,cancavl01,vlatko cancar,600000.0,True
140,Walker Kessler,23,UTA,C,58,58,1740,20.0,0.66,0.081,0.363,16.6,27.1,21.9,8.3,1.0,7.4,15.0,13.7,3.6,1.8,5.4,0.149,1.1,0.7,1.8,1.7,,kesslwa01,walker kessler,4878938.0,False
134,Wendell Carter Jr.,25,ORL,C,68,51,1758,13.7,0.544,0.322,0.356,9.4,23.4,16.0,11.5,1.5,2.2,11.9,16.0,1.6,3.0,4.6,0.125,-2.2,0.9,-1.2,0.3,,cartewe01,wendell carter jr,10850000.0,False
377,Wendell Moore Jr.,23,2TM,SG,36,1,499,11.0,0.553,0.325,0.175,6.4,14.3,10.3,11.6,1.9,1.0,16.6,13.8,0.2,0.5,0.7,0.063,-2.6,-0.1,-2.7,-0.1,,moorewe01,wendell moore jr,1200000.0,True
450,Xavier Tillman Sr.,26,BOS,C,33,2,231,2.4,0.31,0.604,0.075,4.7,15.5,10.1,3.8,2.4,2.0,20.4,13.1,-0.7,0.4,-0.3,-0.057,-8.4,0.3,-8.1,-0.4,,tillmxa01,xavier tillman sr,2546675.0,False
498,Yuki Kawamura,23,MEM,PG,22,0,93,11.0,0.53,0.767,0.3,0.0,13.5,6.8,25.1,1.0,0.0,12.8,16.9,0.1,0.1,0.2,0.095,-2.6,-0.2,-2.8,0.0,,kawamyu01,yuki kawamura,600000.0,True
552,Yuri Collins,23,GSW,PG,2,0,16,13.9,0.333,0.0,0.0,13.1,6.9,10.1,31.9,6.1,0.0,0.0,7.9,0.0,0.0,0.1,0.214,-6.2,6.5,0.3,0.0,,colliyu01,yuri collins,600000.0,True
97,Yves Missi,20,NOP,C,73,67,1956,15.4,0.572,0.002,0.415,13.7,19.7,16.6,7.2,0.9,4.8,12.4,14.3,2.5,1.1,3.6,0.089,-1.6,-1.4,-3.0,-0.5,,missiyv01,yves missi,3353040.0,False
117,Zaccharie Risacher,19,ATL,SF,75,73,1843,12.2,0.558,0.442,0.191,5.0,11.1,8.0,7.1,1.3,1.8,9.8,20.9,0.6,1.1,1.8,0.046,-1.7,-1.8,-3.5,-0.7,ROY-2,risacza01,zaccharie risacher,13197720.0,False
274,Zach Collins,27,2TM,PF,64,12,977,16.0,0.605,0.351,0.258,11.1,19.9,15.6,15.6,1.4,2.6,15.1,17.1,1.7,1.0,2.7,0.132,-0.8,0.8,0.0,0.5,,colliza01,zach collins,18080496.0,False
191,Zach Edey,22,MEM,C,66,55,1416,18.2,0.624,0.12,0.293,17.5,23.4,20.5,6.1,1.2,5.5,15.3,16.4,2.7,2.2,4.9,0.165,-0.2,0.1,-0.1,0.7,ROY-5,edeyza01,zach edey,6045000.0,False
17,Zach LaVine,29,2TM,SG,74,74,2602,17.3,0.639,0.438,0.233,0.9,12.0,6.5,18.3,1.1,0.4,13.4,25.3,3.7,1.4,5.1,0.094,2.3,-1.6,0.7,1.8,,lavinza01,zach lavine,47499660.0,False
346,Zeke Nnaji,24,DEN,PF,57,4,608,12.0,0.574,0.369,0.312,6.3,9.8,8.1,4.6,2.0,5.6,8.0,12.2,0.6,0.6,1.2,0.097,-2.1,0.7,-1.3,0.1,,nnajize01,zeke nnaji,8177778.0,False
170,Ziaire Williams,23,BRK,SF,63,45,1541,11.9,0.55,0.581,0.237,4.3,17.5,10.6,8.5,2.0,1.8,10.5,18.2,0.5,1.6,2.1,0.065,-2.2,-0.1,-2.3,-0.1,,willizi02,ziaire williams,1200000.0,True
295,Zion Williamson,24,NOP,PF,30,30,857,27.3,0.6,0.026,0.474,9.3,18.2,13.6,36.6,2.1,3.0,12.8,34.7,1.9,0.6,2.5,0.141,5.9,1.0,7.0,1.9,,willizi01,zion williamson,39446090.0,False
568,Zyon Pullin,23,MEM,SG,3,0,3,-11.7,0.0,0.0,0.0,0.0,0.0,0.0,0.0,0.0,0.0,0.0,13.4,0.0,0.0,0.0,-0.304,-15.0,-7.7,-22.7,0.0,,pullizy01,zyon pullin,600000.0,True
